Long,Lat
19.89514122,50.07248265
20.0349688700001,50.07282359
19.9308984300001,50.0434870400001
19.8667550000001,50.06637841
19.936469,50.0554030000001
19.93338311,50.0655235200001
19.930457,50.0619380000001
19.95054479,50.0436881300001
19.9372796000001,50.05799676
19.9494967700001,50.0450212000001
19.9449571500001,50.0545632500001
19.9506622700001,50.01318137
19.93758739,50.0588163900001
19.9424705800001,50.05153104
19.9579153600001,50.0926940100001
19.95943908,50.0567123800001
19.9594678400001,50.00302413
19.9370751700001,50.06280237
19.9379804000001,50.06065174
19.9699631,50.0463537300001
19.92452451,50.04526959
20.00722933,50.00580002
19.93760529,50.0679063900001
19.9337120000001,50.0577720000001
19.9280266000001,50.0425478600001
20.0225971200001,50.0923376000001
19.8231331000001,50.01058578
19.94175419,50.09049128
19.913196,50.0357760000001
19.9489509100001,50.0788967500001
19.93854472,50.05222861
19.94050723,50.0501379500001
20.0486339,50.0087310700001
19.940141,50.041205
19.9570820000001,50.066201
19.9613397900001,50.04430877
20.0002449400001,50.04418387
19.9096190000001,50.0679920000001
20.0143716100001,50.0924183400001
19.94853335,50.05837925
19.963088,50.0498440000001
19.9545640100001,50.0850517800001
19.9440541700001,50.04830687
19.94099865,50.06609861
19.9243627600001,50.0555834300001
19.95889901,50.0723850000001
19.9320179000001,50.05629671
19.94424486,50.04967364
19.942546,50.0645890000001
19.9291040200001,50.0872898700001
19.913196,50.0357760000001
20.0335534600001,50.07224854
19.9308975000001,50.0847503900001
19.95006011,50.0674997400001
19.93577184,50.0622770200001
19.9866456,50.0360331000001
19.936899,50.059939
19.97465055,50.0859012600001
19.9536263100001,50.04711753
20.0225971200001,50.0923376000001
20.0116286100001,50.0667520600001
19.94475572,50.0539753
19.9369419,50.058616
20.0252991300001,50.0980078900001
19.89296001,50.0173008400001
20.01782616,50.0093390500001
19.9842589100001,50.0738370600001
19.9290154,50.0613149000001
19.9933231700001,50.0892551200001
19.9555437700001,49.99628748
19.9245245000001,50.04526959
19.9950603400001,50.0658123100001
19.94362747,50.04823815
19.9376766400001,50.06739509
19.9140010900001,50.0755825800001
19.93744875,50.0573011500001
20.03938866,50.07731763
20.04546478,50.07932938
19.93384,50.0601780000001
19.9385130100001,50.05930163
19.9387419500001,50.0590568200001
19.9900234300001,49.9905286200001
19.9701507,50.06394197
19.94117878,50.0625870700001
19.9633760900001,50.0801892200001
20.0461625300001,50.06577573
19.9620268800001,50.0556109300001
20.04438093,50.0672062800001
19.90980346,50.0683126700001
19.94371334,50.09074201
19.9265923200001,50.04601568
19.9447852500001,50.04274788
20.0348722100001,50.07433738
19.9628456900001,50.0760213400001
19.9958508,50.033933
20.0553315700001,50.09676897
19.9335907500001,50.0568081000001
20.00955823,50.0951993
19.9138025500001,50.0737062100001
19.9378380000001,50.059133
19.9056385000001,50.1050386300001
19.93232476,50.09798865
19.93608863,50.07203136
19.9168139,50.05217557
19.9552860000001,50.0550771600001
20.1168138200001,50.0565271200001
19.93682826,50.05011424
19.9382265200001,50.08072751
20.0091283200001,50.0852116200001
19.9493180000001,50.0690000000001
19.94354745,50.0512472600001
19.933258,50.071577
19.94239201,50.06335004
19.9367410400001,50.0629224100001
19.93460793,50.0652564100001
19.9345449,50.0553049000001
19.92975261,50.06400848
19.9203027,50.0622480700001
19.89708632,50.0317520400001
19.8845318,50.1040587700001
19.94494955,50.06649156
19.9369924000001,50.05877086
19.9522523100001,50.0666230100001
19.9367802300001,50.0589385700001
19.94515252,50.06400273
19.937219,50.0409830300001
19.9764115,50.05778071
19.9175962200001,50.0540618300001
19.9256118800001,50.0448461600001
19.9455758300001,50.06804314
20.0225971200001,50.0923376000001
19.9478051,50.05058704
19.9380120000001,50.058137
20.04438093,50.0672062800001
19.93784736,50.05975418
19.94179079,50.0249498200001
19.96208016,50.06936173
19.9640951000001,50.0570726
19.9380120000001,50.058137
19.9523629500001,50.04525304
19.9347827600001,50.0558951
19.95040055,50.0580526800001
20.0142443600001,50.0801787400001
19.94205673,50.06682936
19.965718,50.0657440000001
19.98927252,50.06866416
20.02352768,50.0859517700001
19.95943149,50.05703127
19.95006012,50.0674997400001
19.9395894,50.0539407000001
20.0335793,50.0758449
19.9182575200001,50.0649112200001
19.94802287,50.04294014
20.05182598,50.0690936400001
20.05121876,50.08878486
19.9359310300001,50.0634206300001
19.94658667,50.0896297300001
19.913196,50.0357760000001
20.0092320000001,50.0837609000001
19.9378380000001,50.059133
19.96008519,50.05036964
19.99591243,50.03894481
19.9468538,50.04976121
19.939736,50.059059
20.0091802800001,50.01463512
19.9446086,50.06733072
19.93499109,50.06143308
19.91314793,50.0719105000001
20.0335926400001,50.08320759
20.0125923100001,50.0875960700001
19.9091040000001,50.0867620000001
19.9729562000001,50.0836366500001
20.0346981500001,50.07024856
19.9335907500001,50.0568081000001
19.92057278,50.06794439
19.9430111300001,50.0172547500001
19.8465620000001,50.068336
19.92714778,50.06300406
20.0058712900001,50.0816080700001
20.0253369600001,50.0800906600001
20.0386149,50.0746902400001
19.95269398,50.08762907
20.0091636700001,50.0679350300001
19.91441897,50.0537554000001
19.94754964,50.0885502200001
19.96312906,50.08161642
19.94346575,50.06718383
20.00622001,50.07512388
19.8756435500001,50.05085827
19.9409470000001,50.0436340000001
19.9307365500001,50.0684914
19.9387419500001,50.0590568200001
19.93753371,50.0592371500001
19.9448806,50.0686412000001
19.9985800000001,50.0122670000001
19.9064571500001,50.06510021
19.94645382,50.08191809
19.9447852500001,50.04274788
19.9448420000001,50.0628820000001
19.9753909,50.0588017000001
19.9465423400001,50.0498590400001
19.905019,50.072347
19.94561558,50.0431597
19.98788639,50.0499729100001
19.94225944,50.05689325
19.94184081,50.05143107
19.9335540000001,50.063096
19.9255353500001,50.0805416200001
20.0398076000001,50.0767776000001
19.95418296,49.98913717
19.9417736500001,50.0495894200001
20.0346254300001,50.07815599
19.9244144,50.0452984
19.9431050000001,50.0428722
19.9359880000001,50.053497
19.97714332,50.0814369500001
20.03358129,50.07348281
19.94603657,50.0538543500001
20.0153256400001,50.0965413800001
19.93753371,50.0592371500001
19.9443185100001,50.04757225
19.93870902,50.04420621
19.97352592,50.0250967000001
19.93842012,50.0509712900001
19.91086447,50.0747308300001
19.94035,50.0564650000001
19.9359880000001,50.053497
19.8345687500001,50.0586062100001
19.9406735700001,50.0616883800001
19.94154802,50.0612916100001
19.98448353,50.0675038300001
19.9335907500001,50.0568081000001
19.9928703900001,50.0915365500001
19.94627947,50.05259865
19.94451502,50.0671717000001
19.9830845500001,50.0441320200001
19.9629126400001,49.98904932
19.9515841300001,50.06786737
19.939736,50.059059
19.9398666700001,50.07387571
19.9455758300001,50.06804314
19.939736,50.059059
19.94286592,50.0669180300001
19.9549899,50.0426797000001
19.9493180000001,50.0690000000001
19.9468538,50.04976121
19.94596677,50.0495649700001
20.0408968900001,50.01440604
19.9532809,50.056611
20.0203267900001,50.0759117900001
19.8982155,50.0601172300001
19.94092139,50.0395077100001
19.96458391,50.0092372600001
19.9503697700001,50.0626407
19.94239,50.0645700000001
19.94019888,50.06319847
19.9380120000001,50.058137
19.98040916,50.0956398000001
19.9311169000001,50.0618002000001
19.91710354,50.07138931
19.87204138,50.0668635000001
19.9362114300001,50.0640292
19.9439432500001,50.0524560800001
19.95006012,50.0674997400001
19.997347,50.023447
19.9379013000001,50.0554568700001
19.96208976,50.0491005600001
19.9367802300001,50.0589385700001
19.9419785000001,50.05264672
19.9842796200001,50.0925785800001
19.95111466,50.0446629
19.938031,50.061448
19.94201889,50.0639997600001
19.9493180000001,50.0690000000001
19.94407797,50.05004273
19.93654587,50.0592110100001
19.927803,50.0636460000001
19.9481700000001,50.0884510000001
19.9638439,50.0727921000001
19.946174,50.049694
19.9439175000001,50.0873595200001
19.9701507,50.06394197
19.960988,50.0253640000001
19.9455758300001,50.06804314
19.9397092,50.06197266
19.9091040000001,50.0867620000001
19.9394487500001,50.0584975800001
19.9241535400001,50.07588608
19.9044730000001,50.001404
19.9473418000001,50.0618239
20.0289965600001,50.06914334
19.944538,50.0621530000001
19.93753371,50.0592371500001
19.9381096700001,50.0670824800001
19.93928893,50.0623124900001
19.94771064,50.0457567300001
19.93809323,50.05634482
20.0260196200001,50.0929619400001
19.94424486,50.04967364
19.8651201000001,50.0236209
19.94130792,50.06233301
19.934785,50.0643870000001
19.96639542,50.0376578300001
19.94295298,50.0518116800001
20.0172241700001,50.0981286900001
19.82746997,50.0410325600001
19.943164,50.0647500000001
19.9695884000001,50.0730887
19.9473418000001,50.0618239
19.9379890700001,50.0589274700001
19.8789281800001,50.0622294
19.9276156600001,50.05684992
19.9382409,50.0688963000001
19.9629126400001,49.98904932
19.96074859,50.0503468300001
20.0239512000001,50.0820845000001
19.93289266,50.0468775100001
19.9385130100001,50.05930163
19.9179946100001,50.05443139
19.9629126400001,49.98904932
19.90980346,50.0683126700001
19.939736,50.059059
19.942129,50.0595378
19.9836226100001,50.07608979
20.00156524,50.0810554400001
19.9473418000001,50.0618239
19.8828278300001,50.0816259000001
19.94150696,50.0474803000001
19.94269782,50.0404349
19.94362747,50.04823815
19.9397486,50.0590466
19.913196,50.0357760000001
19.9121572600001,50.0269272100001
19.99565984,50.09868899
19.9297385,50.0550825
19.9240876000001,50.0404853200001
20.005883,50.0937520000001
19.93878764,50.0211891000001
19.91606017,50.08684629
19.93654587,50.0592110100001
19.9612730000001,50.0418680000001
19.93791076,50.0593621200001
19.9628761500001,50.00881695
20.02387694,50.09290228
19.93932477,50.0538281500001
20.01022693,50.0875168600001
19.9207874300001,50.06382454
19.95006011,50.0674997400001
19.91517486,50.0855347500001
19.98669446,50.0926136
19.94239201,50.06335004
19.9349692800001,50.06090493
19.9803236000001,50.0956512000001
19.9382265200001,50.08072751
19.93878764,50.0211891000001
19.8915200600001,50.0215424800001
19.95107526,50.0260480200001
19.9429713100001,50.0631950100001
19.9542905700001,50.0634733000001
19.9864943600001,50.09457236
20.0172549000001,50.0920463300001
19.94973415,50.0678249700001
19.98601602,50.0189913300001
19.8915200600001,50.0215424800001
19.9485937600001,50.0530653100001
19.9318570900001,50.0560645800001
19.9273278200001,50.05156365
20.03623851,50.0723490500001
19.9237009,50.0694892400001
19.94596677,50.0495649700001
19.93011413,50.04584909
19.9490500000001,50.0448650000001
19.9459167700001,50.05184516
19.83588167,50.06008116
19.91725368,50.0146290800001
19.93928893,50.0623124900001
19.93193654,50.0431887300001
19.9480515400001,50.05513252
19.9448429500001,50.04932287
20.0434678600001,50.07622274
19.94908272,50.0654536600001
19.92714778,50.06300406
19.93781123,50.0599703
19.90619451,50.0261729100001
19.93508157,50.03349065
20.0448469,50.07873312
19.9392922500001,50.08860557
19.9298887100001,50.0559133100001
19.9308984200001,50.0434870300001
19.93679071,50.06085197
19.93758738,50.0588164000001
19.9369698900001,50.0593041500001
20.0235839700001,50.01775058
19.9322219800001,50.05656234
20.02624196,50.0880560000001
20.0232209600001,50.0935503000001
19.9620268800001,50.0556109300001
19.93753371,50.0592371500001
19.9482315500001,50.0500573800001
19.9860330000001,50.018339
20.0252991300001,50.0980078900001
19.9367802300001,50.0589385700001
19.97708572,50.06991965
19.94114037,50.0759183800001
19.90921451,50.0716893700001
19.9892408600001,50.09102124
19.9395660000001,50.067614
19.9422393300001,50.0592602200001
19.93658621,50.06467982
19.9448429500001,50.04932287
19.9364581900001,50.0624864100001
19.934785,50.0643870000001
19.94059774,50.0636852600001
19.97564565,50.0102003000001
19.9902763000001,50.0921297800001
19.9892408600001,50.09102124
19.9511047,50.0628023
20.03417505,50.0834168000001
19.9278215000001,50.0648181000001
19.9362621500001,50.0748949100001
20.0626930600001,50.09544313
19.90543389,50.0748275300001
19.9308975000001,50.0847503900001
19.9056440000001,50.006066
19.983532,50.0686710000001
19.93654587,50.0592110100001
19.9382265200001,50.08072751
19.9481700000001,50.0884510000001
19.9380120000001,50.058137
19.93049137,50.0680113000001
19.9380663200001,50.0645765300001
19.9267150000001,50.0560340000001
19.92816228,50.0520159700001
19.94239,50.0645700000001
19.9120489000001,50.0022012000001
20.04438093,50.0672062800001
19.9629078300001,50.06743608
19.9367802300001,50.0589385700001
19.94451502,50.0671717000001
20.0623807700001,50.09466931
19.9174869500001,50.0552482200001
19.93753371,50.0592371500001
19.93556805,50.0615383300001
19.92080106,50.0450642500001
19.94575336,50.04951928
19.933901,50.0590350000001
19.88012145,50.0810785400001
19.9379964300001,50.06728194
20.0331018800001,50.0772665800001
19.9653398,50.0492673000001
20.050908,50.078873
19.95043328,50.05210629
19.96389321,50.0487408600001
19.9240876000001,50.0404853200001
20.00733789,50.0161229600001
19.9736668,50.0946528700001
19.9443752,50.0242591000001
19.93068154,50.07598188
19.97401325,50.06382546
19.8915200600001,50.0215424800001
19.876494,50.077816
19.9240401000001,50.0405102
19.93725733,50.0826257000001
19.93169017,50.04577865
20.0319972400001,50.0769877700001
19.9479414900001,50.05533259
19.9369924000001,50.05877086
19.9476086600001,50.0504325700001
19.9489120000001,50.0598670000001
19.948764,50.0502950000001
19.94501122,50.0428489600001
19.9227252000001,50.0565625200001
19.9503513,50.0580601
19.9754365700001,50.0109081000001
20.0101235600001,50.1015250400001
19.9215211100001,50.05280551
19.9377711700001,50.05922087
19.93303717,50.0555509800001
20.0335812800001,50.07348281
19.9351848000001,50.059578
19.92333704,50.0757493500001
20.0386231900001,50.07189406
19.9359179,50.057823
19.9475978200001,50.0772859200001
19.9159887000001,50.0711618
19.9383500000001,50.06136
20.0318050000001,50.0826220000001
19.94204409,50.04853129
19.94946436,50.0505684
19.91574895,50.08281327
19.9433181000001,50.06639741
19.94483122,50.06863437
19.9335907500001,50.0568081000001
19.942467,50.0644980000001
19.93948612,50.05863981
19.9217471000001,50.0795191
19.9493180000001,50.0690000000001
19.93093315,50.0620124500001
19.9278176400001,50.0490037800001
19.9406210600001,50.0635102700001
19.9472619200001,50.0618759700001
19.98040916,50.0956397900001
19.9468998,50.0591743300001
20.00304944,50.0822232800001
19.93764624,50.0532905000001
19.951086,50.0565290000001
19.93758739,50.0588163900001
19.9367802300001,50.0589385700001
19.93764624,50.0532905000001
19.9052902,50.0872228600001
19.95032231,50.04668092
19.9440700000001,50.0627500000001
19.94205673,50.06682936
19.96296842,50.08689072
19.9382830000001,50.0613050000001
19.93599189,50.0527045800001
19.9359880000001,50.053497
19.9387419500001,50.0590568200001
19.9276792700001,50.0952868900001
19.95107526,50.0260480200001
19.9351848000001,50.059578
19.93336766,50.0607794700001
20.0124868,50.08717834
19.93093315,50.0620124500001
19.96500114,50.0657091200001
19.9614420400001,50.0204118400001
20.01225322,50.10126754
19.94494954,50.0664915500001
19.9448429500001,50.04932287
19.944538,50.0621530000001
19.94399981,50.0565412600001
19.9512097,50.00269316
20.0319972400001,50.0769877700001
20.0129723000001,50.09254624
19.91337972,50.0689144500001
20.0331018800001,50.0772665800001
19.93220848,50.09504861
19.93805293,50.05707892
20.01765664,50.06184827
19.946174,50.049694
19.9470177100001,50.0551154600001
20.0331018800001,50.0772665800001
19.9369924000001,50.05877086
19.9335907500001,50.0568081000001
19.9526891200001,50.0854706100001
19.93164126,50.0592759300001
19.9387419500001,50.0590568200001
19.9378370000001,50.083539
19.9389615000001,50.0590470000001
20.02805261,50.08810264
20.0172549000001,50.0920463300001
19.9381223500001,50.0560914000001
20.0092320000001,50.0837609000001
20.0496938000001,50.1056887
19.9556973300001,50.0120511100001
19.94451502,50.0671717000001
19.913196,50.0357760000001
19.95475401,50.0463194500001
19.9940044200001,50.0917514700001
20.0265323900001,50.0888837900001
19.93878764,50.0211891000001
19.9780007200001,50.0894563000001
19.9369698900001,50.0593041500001
19.9369698900001,50.0593041500001
19.913196,50.0357760000001
19.94451502,50.0671717000001
19.9379890700001,50.0589274700001
19.9659699100001,50.0492100500001
19.93303717,50.0555509800001
19.9333271,50.05488646
19.9393985900001,50.0395276300001
19.9493180000001,50.0690000000001
20.0252991400001,50.0980078900001
19.91488064,50.05701099
19.93599189,50.0527045800001
20.02917173,50.0713839300001
19.96074859,50.0503468300001
19.9387419500001,50.0590568200001
20.032202,50.0835670000001
20.048392,50.0743450000001
19.97847046,50.0608773500001
19.9316562700001,50.05589389
19.9415696500001,50.06666102
20.05228279,50.0699372400001
19.96248609,50.0547753500001
19.97494025,50.0110392500001
19.9264291000001,50.05170796
19.9529000000001,50.070681
19.9844062600001,50.0676697700001
19.9481730000001,50.0280500000001
19.9369419,50.058616
20.0370467600001,50.0729587000001
20.0170636600001,50.0636776000001
19.92491496,50.05497166
19.92793813,50.0637847300001
19.93665271,50.05784658
19.9585036,50.1018049
19.98328846,50.0687476800001
19.9398562800001,50.0627186
19.938367,50.06138
19.9264464,50.0468152
19.9772127700001,50.01361846
19.9374216000001,50.05655461
19.9674641300001,50.08197641
20.0568125,50.09095617
19.9465359000001,50.043712
20.0253369600001,50.0800906600001
19.9328150000001,50.062332
20.0140493100001,50.0169577300001
20.04438093,50.0672062800001
19.93400444,50.06670853
19.92228478,50.0721923
19.9972345900001,50.08599309
19.9256431000001,50.04855925
19.9468538,50.04976121
19.9490971000001,50.0711420000001
19.8828278300001,50.0816259000001
19.91574896,50.0828132600001
19.9424740000001,50.0645030000001
19.93764624,50.0532905000001
19.93654587,50.0592110100001
19.9375337000001,50.0592371500001
20.0172549000001,50.0920463300001
19.97435325,50.0871281600001
20.17814213,50.0522624700001
19.9350900000001,50.065904
20.0114108000001,50.09497542
19.9435207500001,50.0636439200001
20.0285965,50.0695617000001
19.9414307000001,50.0599245000001
19.9369719800001,50.04417927
20.0331018800001,50.0772665800001
19.95506017,49.9718587200001
19.93764624,50.0532905000001
19.95159405,50.07012832
19.9115684500001,50.08820755
19.9433,50.061336
19.93884,50.065572
20.0388736300001,50.0818296300001
19.9759972800001,50.0589566
19.9968670000001,50.0147870000001
20.00019042,50.0436264300001
19.9320179000001,50.05629671
19.94859375,50.0530653100001
19.85163693,50.06728193
19.9383500000001,50.06136
19.95943149,50.05703127
19.9138025500001,50.0737062100001
19.9375218000001,50.0592611000001
19.9776326,50.0891691900001
19.9754365700001,50.0109081000001
19.94145,50.0603100000001
19.9780007200001,50.0894563000001
19.9334100900001,50.0559945200001
19.93377237,50.0572403800001
19.9383500000001,50.06136
20.00366682,50.0702940900001
19.94005868,50.0618725400001
20.0461607500001,50.0724892100001
19.926637,50.0638450000001
19.9105451200001,50.02003417
19.92049574,50.0677174100001
19.9506643,50.0152934000001
19.98544708,50.0179717
19.9075515600001,50.08675508
19.94451502,50.0671717000001
19.9508480000001,50.067189
19.9286663300001,50.04601373
19.9169784100001,50.07169929
20.0232209600001,50.0935503000001
19.9480267700001,50.0513916300001
19.9394985500001,50.06291478
20.01098353,50.0099238700001
19.94979292,50.05251665
19.9434220700001,50.06617429
19.9286663300001,50.04601373
19.94807902,50.0615975600001
20.0438101,50.0745095
19.93753371,50.0592371500001
19.9379013000001,50.0554568700001
20.0370467600001,50.0729587000001
20.178912,50.0525720000001
19.8659801700001,50.0637009500001
19.9629126400001,49.98904932
19.90561396,50.0666557600001
19.9148451,50.0699730000001
19.9295541000001,50.0563739
19.94424486,50.04967364
19.94407797,50.05004273
20.0257438300001,50.0915749000001
19.9378443100001,50.06255708
19.94424486,50.04967364
19.9466640000001,50.048837
19.93654587,50.0592110100001
20.0346981500001,50.07024856
19.9537145,50.0674950600001
19.9996185200001,50.09369278
19.8885703600001,50.0144477700001
19.9335907500001,50.0568081000001
19.9612178,50.04413284
19.92769114,50.08952255
19.94879,50.05028
20.00156524,50.0810554400001
19.94204409,50.04853129
20.0226165,50.0827379400001
19.9382830000001,50.0613050000001
19.94472954,50.0538168800001
19.9231416100001,50.0746597200001
19.9455758300001,50.06804314
19.9465423400001,50.0498590400001
19.94239,50.0645700000001
19.93476723,50.07097958
19.93653368,50.0607328500001
19.9302595500001,50.0680047100001
19.93172879,50.0604822500001
19.98399772,50.06827616
19.9917520000001,50.039769
19.94162414,50.0661714300001
19.9567308800001,50.02497305
20.00849785,50.0595542
19.93493054,50.0594802900001
19.9577630800001,50.0468120900001
19.94006647,50.0630356
19.9408732000001,50.0678174700001
19.90517827,50.06671077
19.8987833,50.0850026000001
19.9375337000001,50.0592371500001
19.9369698900001,50.0593041500001
19.94205673,50.06682936
19.9661064800001,50.0491844700001
20.0331018800001,50.0772665800001
19.9379013000001,50.0554568700001
19.94204574,50.03811784
19.9369698900001,50.0593041500001
19.95520924,50.0479814400001
19.9299959900001,50.0285183500001
19.89899001,50.0206799600001
19.93485,50.064396
19.8876959,50.077394
20.05394856,50.09661192
19.95060555,50.05965845
19.89307287,50.0802022
19.9263936200001,50.0427458200001
19.9375218000001,50.0592611000001
19.9769990400001,50.0577975300001
19.934785,50.0643870000001
19.9295409600001,50.0456712000001
19.85871811,50.06462241
19.94745197,50.0507906400001
20.02542628,50.0821901
19.9380120000001,50.058137
19.94802287,50.04294014
19.92714778,50.06300406
19.93862212,50.0569454600001
20.01544075,50.0753148700001
19.939736,50.059059
19.95107526,50.0260480200001
19.98258,50.03477
20.01436898,50.0838762500001
19.9267376400001,50.0628860300001
19.95514754,49.9964517500001
19.9312210000001,50.067976
19.9362114300001,50.0640292
19.939128,50.0542320000001
20.05204826,50.07470442
19.9315350000001,50.0554040000001
19.965582,50.013901
19.9437834400001,50.05261097
20.0331018800001,50.0772665800001
19.95006012,50.0674997400001
19.936838,50.0689760000001
19.9369698900001,50.0593041500001
19.9364227,50.0609861
19.9468538,50.04976121
19.9383500000001,50.06136
19.94557582,50.06804314
19.94362747,50.04823815
19.93799074,50.0427631800001
19.9547540200001,50.0463194500001
20.02387694,50.09290228
19.9241404800001,50.0544561300001
19.92769114,50.08952255
19.94205673,50.06682936
19.9306980000001,50.0888570000001
20.00576377,50.0965150000001
19.913196,50.0357760000001
19.9444970600001,50.05387662
19.89698336,50.07215661
19.98623395,50.06632446
20.0277565800001,50.0787970600001
19.9623480000001,50.089567
19.9502381,50.0681226300001
19.9857960000001,50.0737765600001
20.00892628,50.01127532
19.9131390000001,50.063411
19.94205673,50.06682936
19.9455758300001,50.06804314
19.89253654,50.00742975
20.04248017,50.08222849
19.9384379000001,50.0582104700001
19.9153298800001,50.05240115
19.94213462,50.06061866
19.93823552,50.0441224300001
19.9522493100001,50.05759047
19.9480951400001,50.04319144
19.9335907500001,50.0568081000001
19.93812044,50.0429386100001
19.9409237400001,50.0604366100001
19.80474206,50.0181560300001
20.0172549000001,50.0920463300001
19.92523698,50.0440921100001
20.0318050000001,50.0826220000001
19.9375218000001,50.0592611000001
19.94596677,50.0495649700001
19.9181370000001,50.0749999000001
19.945004,50.0646330000001
19.970314,50.0619160000001
19.93424,50.0566200000001
19.9892408600001,50.09102124
19.94239,50.0645700000001
19.93064266,50.06483875
19.9627459000001,50.0420023300001
19.88443483,50.08415619
19.9134120000001,50.054538
19.9368220000001,50.0628070000001
20.0489582600001,50.0748199000001
19.94713727,50.0546708000001
20.0499631800001,50.07472226
19.9335907500001,50.0568081000001
19.9203027,50.0622480700001
19.9324845900001,50.06526446
19.9757069500001,50.0816171000001
19.87721047,50.0098249600001
19.9369698900001,50.0593041500001
19.9449837,50.0486172000001
19.9409149000001,50.06438884
19.93514738,50.06054951
19.9389044100001,50.0610323600001
20.01535455,50.0898107
20.021469,50.0869691400001
19.9426039700001,50.0402714200001
19.8845092500001,50.0797170700001
19.9240401000001,50.0405102
19.9523600000001,50.0555410000001
19.9272110000001,50.0514640000001
19.98399772,50.06827616
19.9878252,50.0929283
19.9435428800001,50.0504842300001
19.9523600000001,50.0555410000001
20.04031717,50.0891080700001
19.9593418900001,50.07230372
19.930285,50.0625580000001
19.89001324,50.0730072700001
19.92816227,50.0520159800001
19.9372990000001,50.061611
19.9534602000001,50.0198111500001
19.941448,50.0605180000001
19.9375249500001,50.0626472000001
19.9450268900001,50.0432312300001
19.9607543400001,50.0242586100001
19.939643,50.05347628
19.903447,50.06303
19.9385130100001,50.05930163
19.93485,50.064396
20.06441333,50.09520761
19.94596677,50.0495649700001
19.938724,50.0653760000001
19.9414570000001,50.0650350000001
19.9653398,50.0492673000001
19.94451502,50.0671717000001
19.9334100900001,50.0559945200001
19.9098631000001,50.0715564000001
19.96296842,50.08689072
19.94309895,50.04765668
19.9367802300001,50.0589385700001
19.9439461900001,50.05035394
19.9429713100001,50.0631950100001
19.93764624,50.0532905000001
19.9320179000001,50.05629671
19.9493180000001,50.0690000000001
19.9313700000001,50.0884120000001
19.91306287,49.9871647000001
19.9520308300001,50.0675481600001
19.940456,50.0590100000001
19.9798098200001,50.01865581
19.94205673,50.06682936
19.94729005,50.04403209
19.9367802300001,50.0589385700001
19.9663097100001,50.0387688500001
19.9517835300001,50.06782895
19.94233181,50.0644344200001
19.9429263000001,50.0632006000001
19.94771064,50.0457567300001
19.9493180000001,50.0690000000001
19.986832,50.0196960000001
19.983532,50.0686710000001
20.03721957,50.0765960100001
19.9375218000001,50.0592611000001
19.88472553,50.0822978100001
19.93581233,50.0618105300001
19.95705923,50.06651778
19.98040916,50.0956397900001
19.9276591600001,50.0656565400001
20.1785008100001,50.07931439
19.8548768200001,50.0830469200001
19.9367802300001,50.0589385700001
19.9917570000001,50.040305
19.924475,50.059286
19.9499354500001,50.05816866
20.03461029,50.0185747800001
19.9369924000001,50.05877086
19.9729562000001,50.0836366500001
19.9499217000001,50.0701127900001
19.9414400000001,50.0648200000001
19.9203740300001,49.9818651100001
19.93169017,50.04577865
19.94807902,50.0615975600001
19.9308984300001,50.0434870400001
19.96371241,50.0138242800001
19.9381750700001,50.0627258600001
19.9394985500001,50.06291478
19.94407797,50.05004273
19.9842796200001,50.0925785800001
20.0025082500001,50.0377109300001
19.92080106,50.0450642500001
19.94239,50.0645700000001
19.938698,50.0591020000001
19.89290687,50.0159843600001
20.0572046500001,50.07865495
19.94239,50.0645700000001
19.9349911,50.06143308
19.9505928900001,50.0656451400001
19.93760529,50.0679063800001
19.94177366,50.0495894200001
19.93846697,50.07037095
19.9343400000001,50.06465
19.9443671600001,50.0572734900001
19.9365601000001,50.0535942000001
20.0223208800001,50.09285061
19.9720564300001,50.08011241
19.9369924000001,50.05877086
19.9086929000001,50.0725061000001
19.9365601000001,50.0535942000001
20.05978636,50.0387150500001
19.9359880000001,50.053497
19.9372238300001,50.0698017
19.91401059,50.05393558
19.9384379000001,50.0582104700001
19.9511809000001,50.0809072500001
19.9668171000001,50.04546229
19.9468600000001,50.0471410000001
20.0181101000001,50.010788
19.95422711,50.0455497200001
19.98537191,50.0224489600001
19.94973416,50.0678249700001
19.9509315,50.0559887900001
19.89344235,50.07998365
19.9556557600001,50.0464058700001
19.91890204,50.0706033600001
19.93638429,50.0707056700001
19.9236290000001,50.018181
20.1794762500001,50.0886036100001
20.00867048,50.0882595100001
19.9302319,50.0713007000001
19.8768930000001,50.0694039000001
20.05522991,50.0188009300001
19.94362747,50.04823815
19.9472044,50.0890487
19.99361286,50.0499962600001
19.95645433,50.0556671900001
19.9499354500001,50.05816866
19.9375218000001,50.0592611000001
19.9502381,50.0681226300001
19.91954523,50.07160386
19.9756844,50.0100122000001
20.0210752200001,50.0726119600001
20.0385733300001,50.0706721600001
19.94345938,50.0644397200001
19.96726761,50.0680950500001
19.9499354500001,50.05816866
19.94998889,50.05636646
20.01215495,50.09388254
19.9423625800001,50.0656511500001
19.9359880000001,50.053497
19.98040916,50.0956398000001
20.02151974,50.0097090100001
19.98040916,50.0956398000001
19.8976811700001,50.0853977800001
19.94205673,50.06682936
19.9369698900001,50.0593041500001
19.94082301,50.06234334
19.937979,50.062323
19.9458351800001,50.0525576100001
19.94869348,49.98978929
19.93361158,50.0682733300001
19.9319620000001,50.024166
20.03089945,50.08097573
19.8659801700001,50.0637009500001
19.9598037100001,50.1017748100001
20.0103219800001,50.1022871600001
19.9369698900001,50.0593041500001
19.946174,50.049694
19.9333211000001,50.0620926
19.94783053,50.09787857
19.942553,50.0634820000001
19.93118092,50.0620133400001
19.9426815300001,50.03890397
19.980808,50.0587560000001
19.89926597,50.0641377800001
19.949262,50.0681700000001
19.91999736,50.0795564300001
19.93806263,50.0607572800001
20.03900392,50.0733940000001
19.94239,50.0645700000001
19.9867752500001,50.0929019700001
19.9493180000001,50.0690000000001
19.9244144,50.0452984
19.94205673,50.06682936
19.914076,50.0527480000001
19.9079665,50.0566624000001
19.95956885,50.0219832500001
19.93021328,50.0712484900001
19.940456,50.0590100000001
19.94627947,50.05259865
20.1855574900001,50.1131334500001
20.02645632,50.0879086200001
19.9058600000001,50.0835270000001
19.97428481,50.0449341500001
20.00156524,50.08105543
19.915516,50.060576
19.9296558300001,50.0884123100001
19.921568,50.0549602
19.9439461900001,50.05035394
19.8974296100001,49.9975278300001
19.9429713000001,50.0631950100001
19.9359743100001,50.06220619
19.98464102,50.0670071600001
19.95520924,50.0479814400001
19.9477244,50.0457471
19.9305306900001,50.0489687400001
19.9455758300001,50.06804314
19.9772127700001,50.01361846
19.952012,50.0662408800001
19.95978848,50.1011429600001
19.93785238,50.05858748
19.9062612500001,50.07713382
19.964795,50.0457170000001
19.9766861900001,50.0106866500001
19.9685185000001,50.0686381
19.89440648,50.07935073
19.9385933500001,50.06734522
19.94715352,50.0615191100001
19.9412697500001,50.0736337100001
19.93932477,50.0538281400001
19.9629126400001,49.98904932
19.9379013000001,50.0554568700001
19.9315350000001,50.0554040000001
19.97685957,50.0734253000001
19.9207874300001,50.06382454
19.9375218000001,50.0592611000001
19.9472619200001,50.0618759700001
19.98217013,50.0943018400001
19.9385200900001,50.0411270500001
19.9378380000001,50.059133
20.0002449400001,50.04418387
19.9262810000001,50.0709160000001
19.9700813000001,50.0644105700001
19.93758738,50.0588164000001
19.93400444,50.06670853
19.913196,50.0357760000001
20.0142443600001,50.0801787400001
19.9419995800001,50.0491037200001
19.9380120000001,50.058137
19.92825592,50.0395036900001
19.94371334,50.09074201
19.9110844300001,50.0717174000001
19.9559418900001,50.0577789700001
19.93866,50.0617050000001
19.9471468400001,50.06236377
19.93449414,50.0556798000001
19.9139900000001,50.0656920000001
19.9343310100001,50.0637354900001
20.0319972400001,50.0769877700001
19.92328273,50.0260968800001
19.9351848000001,50.059578
19.94236009,50.0478277300001
19.94026761,50.0524236700001
20.03383625,50.0774903700001
19.9333106,50.033146
19.9493180000001,50.0690000000001
19.93552213,50.0300739300001
19.97708572,50.06991966
19.9565623300001,50.06459634
20.0142274900001,50.0087836600001
19.9477244,50.0457471
19.9406680000001,50.058992
19.9478051,50.05058704
19.9196358,50.0701694000001
19.9477244,50.0457471
20.00948995,50.10005096
19.936588,50.0615090000001
19.93928894,50.0623124900001
20.0269189900001,50.0154734400001
19.9145106600001,50.0700319800001
19.9271043800001,50.0518865500001
19.9485937600001,50.0530653100001
19.9502381,50.0681226300001
19.9369698900001,50.0593041500001
19.9414800000001,50.065182
20.04317109,50.0791850800001
20.0400408300001,50.0744872400001
19.94205673,50.06682936
20.0049831000001,50.091236
19.9245245000001,50.04526959
19.9378370000001,50.083539
19.909747,50.0731860000001
19.94946436,50.0505684
19.93996187,50.06803254
19.9382830000001,50.0613050000001
19.91337972,50.0689144500001
19.9757069500001,50.0816171000001
19.92957116,50.08989583
20.01668312,50.0892986800001
19.940094,50.0683490000001
19.99407568,50.0415172900001
19.9466091200001,50.0436794400001
20.0101346000001,50.0806220100001
19.8824717700001,50.08186047
19.9557398800001,50.0448650700001
19.9673768500001,50.03668308
19.8973269300001,50.0205024800001
19.9777706200001,50.0561044
19.9856993400001,50.0365061100001
19.9359880000001,50.053497
20.0475594600001,50.0746060100001
19.9271130000001,50.012438
20.0460025100001,50.0799023000001
19.96022265,50.0442225900001
19.9394487500001,50.0584975800001
19.90556765,50.00584732
19.9999434900001,50.0817487300001
19.9398075,50.0532998800001
19.93597728,50.0641012200001
19.9481700000001,50.0884510000001
20.00230444,50.0789488400001
19.91216809,50.0526019700001
20.0239805100001,50.07449467
19.913353,50.071356
19.9369698900001,50.0593041500001
19.9512595200001,50.06721406
19.91314793,50.0719105000001
19.94627947,50.05259865
19.9503697700001,50.0626407
19.9505820000001,50.0661930000001
19.9372654200001,50.0627406400001
19.9334934400001,50.06409217
19.9442257600001,50.0525506800001
19.9365601000001,50.0535942000001
19.9653170500001,50.0571605200001
20.0384630200001,50.0739370700001
19.936588,50.0615090000001
19.94233057,50.06616123
19.96254644,50.0422489900001
19.9799415700001,50.0899720800001
20.0173881100001,50.09694503
19.96074859,50.0503468300001
19.9320179000001,50.05629671
19.93093315,50.0620124500001
19.9169784100001,50.07169929
19.93661122,50.04988812
19.9437370700001,50.05784334
19.9367802300001,50.0589385700001
19.9528016400001,50.0653546400001
19.88496371,50.08405049
19.9079681000001,50.0569044000001
20.02859189,50.08603635
19.928639,50.0689170000001
19.98752918,50.06635321
19.90405435,50.0796955100001
20.0034240000001,50.0940553
19.94596612,50.0539774200001
19.913196,50.0357760000001
20.02161542,50.0832654500001
19.9086929000001,50.0725061000001
19.9856289700001,50.0263474400001
19.9766861900001,50.0106866500001
19.93779534,50.0600922
19.9107020000001,50.07154976
19.95785568,50.0555526100001
19.94145,50.0603100000001
19.97564565,50.0102003000001
19.94973415,50.0678249700001
19.9481700000001,50.0884510000001
19.99806633,50.08461235
19.9589113000001,50.0135129000001
19.9646457700001,50.0457330500001
19.93546889,50.0223161800001
19.94407797,50.05004273
19.93446256,50.0649670700001
19.987734,50.0684420000001
19.9457580000001,50.0524550000001
19.9701483200001,50.0857335900001
19.9314506000001,50.0635542800001
19.894845,50.0740690000001
19.9335907500001,50.0568081000001
19.9455758300001,50.06804314
19.9455120000001,50.0432179000001
19.93960474,50.05429431
19.9379964300001,50.06728194
19.9328575600001,50.07290169
19.9429713100001,50.0631950100001
19.9375319600001,50.05646454
19.93011413,50.04584909
20.0434678600001,50.07622274
20.04438093,50.0672062800001
19.97193544,50.0126527900001
19.9612781700001,50.04443422
20.0096035600001,50.01783741
19.9437661200001,50.0671132100001
19.9429713100001,50.0631950100001
19.9431550100001,50.04831805
19.93814,50.0623600000001
19.95006012,50.0674997400001
19.9464479000001,50.05249859
19.93400444,50.06670853
19.9365601000001,50.0535942000001
19.9359880000001,50.053497
19.9460580000001,50.0697900000001
19.95269398,50.08762906
19.9315350000001,50.0554040000001
19.9313280000001,50.0496850000001
19.945026,50.067281
19.9368680700001,50.05809837
19.97241332,50.0824175700001
19.93654587,50.0592110100001
19.94424486,50.04967364
19.9372990000001,50.061611
19.93581232,50.0618105300001
19.9417829000001,50.0495460000001
19.93836344,50.0836534900001
19.9455047000001,50.0515447000001
19.9359880000001,50.053497
19.939736,50.059059
20.0314481200001,50.0850673
19.94324569,50.06175517
19.93948612,50.05863981
19.9629126400001,49.98904932
19.94177366,50.0495894200001
19.9369698900001,50.0593041500001
19.9359880000001,50.053497
19.93785238,50.05858748
19.9400549900001,50.03183678
20.00238111,50.09390663
20.0188003100001,50.0741073400001
19.9418361,50.0611835
19.9326840000001,50.059941
19.9380120000001,50.058137
19.8956293000001,50.0816989
20.02259711,50.0923376000001
19.9375045400001,50.06979542
19.95269398,50.08762906
19.94565743,50.0538397500001
19.9804309300001,50.0592421900001
19.903447,50.06303
19.9379013000001,50.0554568700001
19.94063572,50.06481081
19.98924085,50.09102124
19.9385130100001,50.05930163
19.9394487500001,50.0584975800001
19.9493180000001,50.0690000000001
20.06208335,50.0951718800001
20.0144016,50.1021794000001
19.93400804,50.0645551600001
19.89384503,50.0860629700001
19.9769047500001,50.0890238600001
19.93764624,50.0532905000001
19.9375218000001,50.0592611000001
19.93654587,50.0592110100001
19.9322219800001,50.05656234
19.9306697600001,50.0864632
19.937891,50.059128
19.933437,50.052984
20.0231627900001,50.0834287000001
19.94205673,50.06682936
19.92819078,50.05622673
20.0328480000001,50.0825290000001
19.9372990000001,50.061611
19.96074859,50.0503468300001
19.9197892,50.0543670000001
19.942281,50.051427
19.93901176,50.04825112
19.9458450700001,50.0520299500001
19.9264464,50.0468152
19.9410927700001,50.0627264500001
20.0331018800001,50.0772665800001
19.9369698900001,50.0593041500001
19.9815084200001,50.09489862
19.9429263000001,50.0632006000001
19.9659699100001,50.0492100500001
19.9839914,50.0684427
20.0046792900001,50.07907046
20.035247,50.071563
19.9510530000001,50.0435820000001
19.93178678,50.06269596
20.0331018800001,50.0772665800001
20.0391671,50.0777420000001
19.94205673,50.06682936
19.93011413,50.04584909
19.9892408600001,50.09102124
19.9426678300001,50.04979518
19.93514738,50.06054951
20.0160286400001,50.0635501900001
19.9514590000001,50.052086
19.93497389,50.06667256
19.93949502,50.0536396000001
19.9166483000001,50.0650559000001
19.93580567,50.0631531700001
19.94685237,50.0552744500001
20.00156524,50.08105543
19.9586676500001,50.05591738
20.0054724,50.0668854
19.9494096,50.0572292900001
20.0299407200001,50.0859851700001
19.9393540500001,50.07176715
19.94038964,50.0634321000001
19.93093315,50.0620124500001
20.0331018800001,50.0772665800001
19.938031,50.061448
19.938112,50.049138
19.9216218,50.0549637300001
19.93654587,50.0592110100001
19.9739819600001,50.0831523700001
19.98924085,50.09102124
20.0509817,50.0217094000001
19.90619451,50.0261729100001
19.8929630000001,50.092614
19.9354854800001,50.0240318900001
19.9512595200001,50.0672140500001
19.94424486,50.04967364
19.9428342,50.0409308000001
19.94392169,50.0491878500001
19.9630401700001,50.04988217
19.9673768500001,50.03668308
20.10380107,50.0450342
19.9162589000001,50.0634144000001
19.9341870000001,50.059827
19.94451502,50.0671717000001
20.0133743800001,50.0802605600001
19.936469,50.0554030000001
19.929537,50.056747
19.9618861000001,50.0780054200001
19.9999290000001,50.0639110000001
19.94627947,50.05259865
19.93798908,50.0589274700001
19.9340570000001,50.0643460000001
19.9509050500001,50.0421627800001
19.89071685,50.01345473
19.92816228,50.0520159700001
19.9412697500001,50.0736337100001
19.9501942200001,50.05213172
19.9389130100001,50.0634478000001
19.93336766,50.0607794700001
19.9375333900001,50.0601908900001
19.8782248000001,50.0779742
19.96682909,50.0377940700001
19.9393551000001,50.0590155800001
20.05637296,50.09426245
19.9249614,50.0959402
19.9429050000001,50.002683
19.94452921,50.0562599200001
19.9418543200001,50.06059322
19.9394960000001,50.066244
19.9324238200001,50.0631442500001
20.05228279,50.0699372400001
20.02259711,50.0923376000001
19.9403385700001,50.0519153400001
19.94145,50.0603100000001
19.93849621,50.0590073700001
19.9295409600001,50.0456712100001
19.98328846,50.0687476800001
19.9216218,50.0549637400001
19.9823538700001,50.06958875
19.9447901200001,50.04887813
19.9202336500001,50.0305052200001
19.92769115,50.08952256
19.9502719000001,50.067417
19.92990439,50.0735590100001
19.93758738,50.0588164000001
19.94112778,50.0347117200001
19.9375047300001,50.0829577000001
20.04335832,50.07350216
19.93011413,50.04584909
19.9434392000001,50.0672691
20.00230444,50.0789488400001
20.0259185300001,50.0608369300001
19.9494096,50.0572292900001
19.93665026,50.06268886
19.93692757,50.04950767
19.9243363800001,50.0450149100001
19.92435801,50.0879959000001
19.9654330000001,50.0693660000001
19.93227168,50.0639300600001
19.9418573500001,50.04896217
19.939736,50.059059
19.9589277900001,50.0395891300001
19.9308975000001,50.0847503900001
19.9224924000001,50.0759080400001
19.9501184700001,50.0261608800001
19.9449670000001,50.0672490000001
19.9429713100001,50.0631950100001
19.941582,50.0662591000001
19.92691575,50.0513036400001
19.98328846,50.0687476800001
19.922984,50.0189050000001
20.016869,50.0640220000001
19.95040054,50.0580526800001
19.938724,50.0653760000001
19.9329528800001,50.04672006
19.9493180000001,50.0690000000001
19.9499217000001,50.0701127900001
19.94627947,50.05259865
19.9381096700001,50.0670824800001
19.94103338,50.06426673
19.9398075,50.0532998800001
19.8724440400001,50.06678874
19.993769,50.033825
19.89340874,50.0771700400001
19.9359880000001,50.053497
19.95006012,50.0674997400001
20.00136121,50.0931487
19.9417829000001,50.0495460000001
19.9418265,50.0637163900001
19.94646269,50.0496764700001
19.8915200600001,50.0215424800001
20.01200154,50.09544341
20.0091537000001,50.0834434700001
20.02259711,50.0923376000001
19.92265494,50.0416257300001
19.9574548900001,50.0556542100001
19.9514999200001,50.0671748400001
20.0629689200001,50.09437454
19.88012145,50.0810785400001
20.0355555400001,50.0738488900001
19.93901176,50.04825112
19.90041159,50.09733412
19.9319637,50.04293247
20.0250847,50.0935111800001
19.9859850400001,50.01559315
19.937481,50.0518910000001
19.9159887000001,50.0711618
20.04438093,50.0672062800001
19.86598016,50.0637009500001
19.93424952,50.0667461400001
19.9567308800001,50.02497305
19.8750758900001,50.06559815
19.89344235,50.07998365
19.8969823,50.0732422500001
19.94483122,50.06863437
19.993769,50.033825
19.9322453300001,50.0331693200001
19.94056514,50.0517723900001
20.0383432300001,50.07836488
19.9547540200001,50.0463194500001
19.9100133700001,50.0659513700001
19.94656747,50.0492571600001
19.8958608500001,50.05966736
19.929381,50.058812
19.92416251,50.0184307000001
19.9604789100001,50.0471474400001
19.93791076,50.0593621200001
19.92222388,50.03370684
19.9465423400001,50.0498590400001
20.0357848100001,50.07891025
19.93770806,50.0593957500001
19.97465055,50.0859012600001
19.939736,50.059059
19.94120352,50.0459176900001
19.95006012,50.0674997400001
19.9350737,50.0634498700001
20.1408034500001,50.09322925
19.9522322600001,50.06530316
20.0328480000001,50.0825290000001
19.9468778300001,50.0483686900001
19.9458351800001,50.0525576100001
19.9427220000001,50.0364095
20.0252991300001,50.0980078900001
19.9493180000001,50.0690000000001
19.9752309300001,50.04293957
19.9299374,50.0835293000001
20.0293600000001,50.0838210000001
19.9466091100001,50.0436794400001
20.0227655300001,50.0846005000001
19.9393551000001,50.0590155800001
19.93652682,50.04999595
20.0325869000001,50.0785391700001
19.9429713000001,50.0631950100001
19.98040916,50.0956397900001
20.0443301,50.0671729000001
19.94621234,50.05447007
19.9722685300001,50.0928176400001
19.93370134,50.07377173
20.0173881100001,50.09694503
19.9371880200001,50.0592704900001
19.946248,50.0514850000001
19.9320179000001,50.05629671
19.94710331,50.0499708900001
19.94802287,50.04294014
19.9547540200001,50.0463194500001
19.95019423,50.05213173
19.9652115000001,50.0493702000001
20.0225971200001,50.0923376000001
19.890391,50.0807840000001
19.9447852500001,50.04274787
19.9663097100001,50.0387688500001
19.9000934000001,50.0724502
19.9240401000001,50.0405102
19.9406680000001,50.058992
19.9419995800001,50.0491037100001
19.9502381,50.0681226300001
19.9253580000001,50.0714850000001
19.9570337000001,50.0556631000001
20.0318050000001,50.0826220000001
19.9477244,50.0457471
19.9322219800001,50.05656234
19.9293111800001,50.0566117700001
19.94109487,50.0646968400001
19.95475401,50.0463194500001
19.9662800900001,50.04605846
19.9555760800001,50.0980014900001
19.9471104200001,50.06251188
19.9428123700001,50.0400313800001
19.95943149,50.05703127
19.9331,50.0543960000001
19.98400457,50.0693694400001
19.9159887000001,50.0711618
19.9559418900001,50.0577789700001
19.96055276,50.0069408900001
19.9551442000001,50.0460529000001
19.9578186000001,50.0857701
19.9772792000001,50.0698264000001
19.9465811600001,50.0634573300001
19.9255988800001,50.0789642600001
19.9315350000001,50.0554040000001
19.93424952,50.0667461400001
19.93872,50.0617300000001
19.913196,50.0357760000001
19.9362322800001,50.0622446100001
19.9510528000001,50.0577441900001
19.9369698900001,50.0593041500001
19.9313868300001,50.0397305400001
19.98040916,50.0956398000001
19.92205224,50.06016765
19.9371151500001,50.05314888
19.92769115,50.08952255
19.93949502,50.0536396000001
20.0253369600001,50.0800906600001
19.91169153,50.0993368600001
19.9476086600001,50.0504325700001
19.93704187,50.0493533100001
19.9359880000001,50.053497
19.93679071,50.06085197
19.9434858600001,50.0429762200001
19.9050490000001,50.007073
19.9456394900001,50.0467835600001
19.913196,50.0357760000001
19.98444483,50.0919405500001
20.02259711,50.0923376000001
19.913663,50.0723110000001
19.9372654200001,50.0627406400001
19.9455758300001,50.06804314
19.97068238,50.0860386300001
20.0335812800001,50.07348281
19.9369924000001,50.05877086
19.914636,50.0545960000001
19.944538,50.0621530000001
19.9409757600001,50.0644834600001
19.9359880000001,50.053497
19.9232049,50.0570514
19.9369924000001,50.05877086
19.94349599,50.0003537200001
19.9335520000001,50.0631000000001
19.96074859,50.0503468300001
19.9614436000001,50.0473910200001
19.8929240000001,50.080498
19.93064808,50.0733820300001
20.0346981500001,50.07024856
19.9351100100001,50.0661940000001
19.9379804000001,50.06065174
19.9369924000001,50.05877086
19.9375337000001,50.0592371500001
19.94679387,50.0474138000001
19.939736,50.059059
19.9455758300001,50.06804314
19.9753446600001,50.0871216400001
19.9429713100001,50.0631950100001
19.944538,50.0621530000001
19.94973416,50.0678249700001
19.93957676,50.0623746100001
19.95943149,50.05703127
19.90726671,50.07246301
19.91441897,50.0537554000001
19.92695709,50.0629484500001
20.0041427300001,50.09136908
19.93034285,50.0635483900001
19.9267905900001,50.02270995
19.9359880000001,50.053497
20.0159393500001,50.0791814200001
19.9477244,50.0457471
19.9272258500001,50.06630692
19.8824717700001,50.08186047
19.894845,50.0740690000001
19.9295409600001,50.0456712100001
19.94451502,50.0671717000001
19.9266579800001,50.04114028
19.9363927200001,50.0393571800001
20.00849785,50.05955421
19.9312620000001,50.055059
19.95032775,50.0528677900001
19.9398590000001,50.059089
20.0091870000001,50.0733710000001
20.0039810600001,50.0804887900001
19.95086724,50.04450308
19.92320098,50.0920066800001
20.032202,50.0835670000001
19.94399981,50.0565412600001
19.9380120000001,50.058137
20.0110987800001,50.0843141400001
19.94596677,50.0495649700001
19.9249550000001,50.071986
20.0020433600001,50.01411864
19.9380120000001,50.058137
19.98927252,50.06866416
19.9630401700001,50.04988217
19.93649129,50.0614486100001
19.904545,50.0531800000001
19.936315,50.0620060000001
19.93717236,50.0606753500001
19.96775152,50.0693876
19.9387419500001,50.0590568200001
19.9502381,50.0681226300001
20.0568125,50.09095617
19.9398869400001,50.06108414
20.02618125,50.01212752
20.00735439,50.01946321
19.9475656000001,50.0466211
19.93898814,50.04692176
20.01998595,50.09001721
19.95006012,50.0674997400001
19.99266892,50.0222157200001
19.9490949,50.0589919000001
19.9378100000001,50.0607900000001
20.0056475800001,50.07683395
19.94205673,50.06682936
19.9394472700001,50.0622104500001
19.9023365,50.06273839
19.9481700000001,50.0884510000001
19.9656178500001,50.0566602900001
19.94637584,50.0511272700001
19.9061213700001,50.0648637400001
20.046613,50.06575
19.938066,50.0576770000001
19.9695898000001,50.0862683
19.9359880000001,50.053497
19.9075515500001,50.08675508
19.913196,50.0357760000001
20.03797618,50.0769869900001
19.9473055600001,50.0752981200001
19.8987561500001,50.0849755
19.9321088,50.0644785600001
19.9387419500001,50.0590568200001
19.9380120000001,50.058137
19.915516,50.060576
19.93704187,50.0493533100001
19.95269398,50.08762906
19.93764981,50.0626081500001
19.9027197400001,50.08464185
19.9394960000001,50.066244
19.94973415,50.0678249700001
19.9310146400001,50.0603777200001
19.9485371600001,50.0502894700001
19.9611072600001,50.04883984
19.93654587,50.0592110100001
19.93758738,50.0588164000001
19.93785238,50.05858748
19.9567308800001,50.02497305
19.9244144,50.0452984
19.9744733800001,50.0730240600001
19.9399825400001,50.06070895
19.9375337000001,50.0592371500001
19.9502329200001,50.0673821600001
19.9508381000001,50.07122409
19.9757069500001,50.0816171000001
19.943162,50.0641190000001
19.90013485,50.07085863
19.9335907500001,50.0568081000001
19.9508670000001,50.045938
20.02259711,50.0923376000001
19.93989129,50.0510155800001
19.9335907500001,50.0568081000001
19.9311284500001,50.05219908
19.9499217000001,50.0701127900001
19.93246921,50.06727468
19.94205673,50.06682936
20.00230444,50.0789488400001
20.0171074100001,50.0973999500001
19.9429713100001,50.0631950100001
19.9352971000001,50.09372297
19.96450594,50.03831466
19.88879723,50.0934316600001
19.9282629100001,50.05189195
19.89440648,50.07935073
19.94239,50.0645700000001
19.93303716,50.05555099
20.0565497000001,50.094301
20.01142846,50.0151985900001
19.9878252,50.0929283
19.927787,50.062331
19.93563219,50.06234484
19.94596612,50.0539774200001
19.93341008,50.0559945200001
19.940463,50.0616670000001
19.9359880000001,50.053497
19.9455758300001,50.06804314
19.94542841,50.0507477
20.04903878,50.03761
19.937979,50.062323
20.0370467600001,50.0729587000001
19.93002726,50.0626403700001
20.0636779500001,50.09459601
19.9367802300001,50.0589385700001
19.9382210000001,50.061919
19.9766861900001,50.0106866500001
19.9447852500001,50.04274788
20.01900141,50.0839260400001
20.0252991300001,50.0980078900001
19.9412697500001,50.0736337100001
19.9401281200001,50.0633666700001
19.9369924000001,50.05877086
19.9359880000001,50.053497
20.03447456,50.0181167000001
19.9614436000001,50.0473910200001
19.907297,50.0668190000001
19.9367802300001,50.0589385700001
19.94019889,50.06319847
20.0148637300001,50.0826109700001
19.8924144900001,50.0173977700001
19.941582,50.0662591000001
19.9269273100001,50.0520279200001
20.0153256400001,50.0965413800001
19.94205673,50.06682936
19.9493180000001,50.0690000000001
20.0378597000001,50.0831041000001
19.9412697500001,50.0736337100001
19.94451502,50.0671717000001
19.93149193,50.0604488700001
19.9349739,50.06667256
19.95154705,50.0655242300001
20.01036637,50.0910343
19.93514738,50.06054951
20.042384,50.0366930000001
19.9363927200001,50.0393571800001
19.9629126400001,49.98904932
19.8921421900001,50.0207786
19.94162413,50.0661714400001
19.9429263000001,50.0632006000001
19.93153267,50.0469994600001
19.9306696400001,50.0635585000001
19.94093453,50.0581751
19.940454,50.0616680000001
20.0331018800001,50.0772665800001
20.01803002,50.0815954400001
19.94162829,50.0622431900001
19.9429263000001,50.0632006000001
19.93823553,50.0441224400001
19.9553721,50.051291
19.9552860000001,50.0550771600001
19.94646269,50.0496764700001
20.02259711,50.0923376000001
19.9842796200001,50.0925785800001
19.92785145,50.0658307200001
19.94229431,50.06722797
19.9244144,50.0452984
19.9704780000001,50.033086
19.94407797,50.05004273
19.9501184700001,50.0261608800001
20.0206247400001,50.08267127
19.937828,50.0591620000001
19.9245245000001,50.04526959
19.9446086,50.06733072
19.9411181200001,50.06438022
19.9847576600001,50.0923956400001
19.93613279,50.05990361
19.9567308800001,50.02497305
19.9435428800001,50.05048422
19.96132599,50.0066145000001
19.9477106300001,50.0457567300001
19.9381096700001,50.0670824800001
19.9937803,50.0354026000001
19.9272825,50.0414825500001
20.00354658,50.0797221500001
19.94057,50.0661000000001
19.9382830000001,50.0613050000001
19.91572361,50.0863839300001
19.9321587200001,50.00840665
19.9359880000001,50.053497
19.9472619200001,50.0618759700001
20.0443301,50.0671729000001
19.922984,50.0189050000001
19.906663,50.0714160000001
19.9589282200001,50.0438364600001
19.939736,50.059059
19.8970862,50.0724983100001
20.04438093,50.0672062800001
19.89440648,50.07935073
19.9953120000001,50.0340600000001
19.94424486,50.04967364
19.9499217000001,50.0701127900001
19.92435801,50.0879959000001
19.9348299700001,50.06251173
19.94162414,50.0661714300001
19.9637749400001,50.0891926
19.9452642100001,50.05402007
20.00398105,50.0804887900001
19.9523433900001,50.05132502
19.9385009600001,50.0652023600001
19.941448,50.0605180000001
19.94233182,50.0644344200001
19.927607,50.0895669000001
19.9528640400001,50.06915524
19.9369698900001,50.0593041500001
19.93655442,50.05947517
19.93758738,50.0588164000001
19.9502381,50.0681226300001
19.93093315,50.0620124500001
19.93682412,50.05935398
19.9393551000001,50.0590155800001
20.00681783,50.0801762300001
19.97691639,50.0744417600001
19.9637749400001,50.0891926
19.9861415,50.0376921000001
19.9864526000001,50.0188608
20.05182597,50.0690936500001
19.95006012,50.0674997400001
19.9501184700001,50.0261608800001
19.9653170500001,50.0571605200001
19.9501849000001,50.0466952
20.03824203,50.0793355800001
19.94291099,50.0521159400001
19.9367802300001,50.0589385700001
19.92238294,50.06757437
19.9343190000001,50.0645900000001
19.9490949,50.0589919000001
19.98286166,50.01918196
19.9376270000001,50.0654180000001
19.9212734700001,50.0702829000001
19.95006012,50.0674997400001
19.9839914,50.0684427
19.94261534,50.0515982900001
19.9307365500001,50.0684914
19.9481700000001,50.0884510000001
19.9427879400001,49.9918306800001
19.9776326,50.0891691900001
19.95201,50.067029
19.9344625700001,50.0649670700001
19.9473086,50.0476986900001
19.9453079300001,50.04166401
19.944154,50.0911130000001
19.9293460000001,50.0678720000001
19.9492378,50.0460939000001
19.89698336,50.07215661
19.92975261,50.06400848
19.9379013000001,50.0554568700001
19.9380120000001,50.058137
20.0253369600001,50.0800906600001
19.95943909,50.05671239
20.0331018800001,50.0772665800001
20.0448469,50.07873312
19.9455429000001,50.0466211
19.8912098000001,50.0150864
19.9465423400001,50.0498590400001
19.9455671000001,50.0667542
19.9399825300001,50.06070895
19.9379890700001,50.0589274700001
19.9369698900001,50.0593041500001
19.93746815,50.06370108
19.89675965,50.0714844
19.9350691000001,50.0633575000001
19.9404870000001,50.0569560000001
19.9999434900001,50.0817487300001
19.93044494,50.04708814
19.9350737,50.0634498700001
19.94050723,50.0501379500001
19.94346575,50.06718383
20.01797943,50.0998732200001
19.9472094500001,50.0621003800001
20.0489582600001,50.0748199000001
19.94328455,50.0631048700001
19.95250413,50.03025337
19.95107526,50.0260480200001
19.9397381000001,50.0533659000001
19.9421717000001,50.0642162
19.93751782,50.0680494900001
19.9782974500001,50.0196130200001
19.93920272,50.0612696100001
19.940094,50.0683490000001
19.90601086,50.0578978300001
19.9466754100001,50.04867255
19.9875501400001,50.0949119200001
19.9275890000001,50.0632560000001
19.9464695200001,50.04322791
19.983961,50.069307
19.913353,50.071356
19.94778337,50.01650399
19.9458760900001,50.06415423
19.94627947,50.05259865
20.0218698200001,50.07694846
19.91778672,49.9873731000001
19.9379013000001,50.0554568700001
19.93753371,50.0592371500001
20.0650645800001,50.0949958200001
19.888313,50.013177
19.9479229900001,50.0294196200001
19.89025374,50.0126562900001
19.9250470000001,50.056989
20.00960357,50.01783742
19.93809323,50.05634482
19.92317974,50.0449470900001
19.94019889,50.06319847
20.00129615,50.0885738100001
20.0226165,50.0827379400001
19.938364,50.054601
19.9414570000001,50.0650350000001
19.9269572100001,50.0654118300001
19.939736,50.059059
20.05681249,50.09095617
19.9739819600001,50.0831523700001
19.9359880000001,50.053497
19.94725951,50.0292497900001
19.9314506100001,50.0635542800001
19.93799074,50.0427631800001
19.96074859,50.0503468300001
19.9412697500001,50.0736337100001
19.9404450000001,50.0387670000001
19.9421575000001,50.0765066000001
19.9442257600001,50.0525506800001
19.933543,50.053053
19.9207874300001,50.06382454
19.9493180000001,50.0690000000001
20.0382210000001,50.085227
19.9307694300001,50.05575285
19.9416400000001,50.0667490000001
19.99655547,50.09621402
20.01633401,50.09597144
19.9359880000001,50.053497
19.95933008,50.07723487
19.934785,50.0643870000001
19.933901,50.0590350000001
19.9345520000001,50.0569740000001
19.95165903,50.0566168500001
19.92356571,50.0760658900001
19.9161471900001,49.9800836700001
19.9354083100001,50.0633185300001
20.07492691,50.0998880400001
19.8109174900001,50.01614936
19.9638571,50.0381257000001
19.93070785,50.0616430900001
20.04438093,50.0672062800001
19.9418114000001,50.0646873900001
19.92228478,50.0721923
19.8768167000001,50.0780439000001
19.93957676,50.0623746100001
19.9240401000001,50.0405102
19.9421575000001,50.0765066000001
19.9266579800001,50.04114028
19.97564565,50.0102003000001
19.92518856,50.0159720400001
19.91198954,50.0676985900001
19.9812470000001,50.080096
19.8985321000001,50.0815078000001
19.93928893,50.0623124900001
19.93791076,50.0593621200001
19.94627947,50.05259865
19.9302720900001,50.08886927
19.94275938,50.0516745900001
19.97401181,50.01108695
19.93841336,50.0647401800001
19.93565755,50.0603445400001
20.0572090000001,50.0959040000001
19.93665027,50.06268886
19.9892408600001,50.09102124
19.9331593000001,50.0556979200001
19.9359880000001,50.053497
19.9594230000001,50.0501967000001
19.98623395,50.06632446
20.003133,50.0940877
19.9306980000001,50.0888570000001
19.913196,50.0357760000001
19.97582436,50.05776424
19.9485793900001,50.0519965
19.93928893,50.0623124900001
