"Lon","Lat"
7420912.42352366,5549066.79551709
7430921.82469393,5548966.057051
7423425.78950083,5545804.71387285
7418870.23969043,5548418.33060632
7423843.63296485,5547124.29201145
7423638.73347679,5548253.02851729
7423423.54318596,5547857.24759949
7424833.24294093,5545807.13507063
7423905.77918396,5547411.93967178
7424760.26439668,5545956.45111814
7424450.1140646,5547022.28044144
7424794.03096351,5542414.12189477
7423929.11360659,5547502.78412631
7424267.28589837,5546687.56034446
7425437.16885561,5551250.11353741
7425490.44968832,5547246.76240298
7425409.39418561,5541275.63980978
7423898.74475856,5547946.61974244
7423960.15462499,5547706.50863205
7426228.13022497,5546084.24981787
7422972.12078581,5546009.51527006
7428837.21718618,5541537.82353732
7423944.77033362,5548513.74096474
7423649.97590284,5547390.58138625
7423218.60118165,5545703.20648662
7430064.6524703,5551147.90328781
7415649.69017953,5542261.51256384
7424277.36282778,5551021.38786695
7422145.41213582,5544965.39626688
7424774.16732404,5549724.58605007
7423987.25139135,5546769.12867738
7424124.49093714,5546534.6149495
7431809.2368108,5541825.22992628
7424084.17461315,5545541.48142904
7425336.4037126,5548304.42508114
7425607.37441895,5545865.36066224
7428393.66687908,5545813.47003958
7421941.45491551,5548552.1267428
7429476.22762446,5551164.6177076
7424712.16684182,5547443.08012458
7425741.12665217,5546479.24052298
7425185.4819649,5550403.50386231
7424375.62228479,5546327.37044427
7424184.84112011,5548309.23363764
7422977.04680021,5547156.76720612
7425476.0671396,5548990.38686255
7423526.32965032,5547228.23459003
7424391.42625449,5546479.1871356
7424293.23924733,5548139.76817151
7423367.09481447,5550678.23290084
7422145.41213582,5544965.39626688
7430819.68213492,5548903.41018497
7423491.39024732,5550393.95654023
7424835.7389033,5548455.90970019
7423804.60108789,5547889.5194443
7427407.35654493,5544920.07353197
7423881.6008711,5547628.33993759
7426624.2044413,5550478.0566888
7425059.29123966,5546185.45199291
7430064.6524703,5551147.90328781
7429242.19403525,5548312.63003292
7424434.76686687,5546957.09333471
7423882.57906995,5547481.15442776
7430266.2146772,5551776.02352866
7420665.383948,5542931.91019773
7429601.96525336,5541921.3965593
7427293.53770584,5549126.89416474
7423319.33720506,5547789.42590684
7427965.45278435,5550832.89414579
7425117.63871106,5540530.32905513
7422972.12006961,5546009.51528037
7428054.68187239,5548223.9344232
7424344.95559452,5546320.15940227
7423949.06949453,5548456.80233734
7422267.42693988,5549391.7696478
7423916.79051066,5547334.4028916
7431244.62084702,5549461.80330084
7431682.36868172,5549679.9741397
7423662.9591028,5547658.04177416
7423996.15520341,5547555.80978879
7424012.1605684,5547528.34959371
7427580.96660895,5539855.8920141
7426268.52485697,5548040.20104581
7424192.20197728,5547918.50294275
7425808.58326113,5549853.90626458
7431713.06086437,5548171.91015777
7425674.0444029,5547121.68378737
7431587.54996908,5548332.64441151
7421955.18024104,5548587.5984071
7424417.94113741,5551047.28934769
7423121.41058657,5546090.36476263
7424419.25014298,5545708.37065575
7430917.08081447,5549134.50887351
7425764.18719754,5549390.88653373
7428063.63064228,5544677.60507225
7432413.07119017,5551610.62043604
7423639.76419421,5547283.50201992
7429135.92803658,5551478.47052542
7422250.18201287,5549183.28931692
7423947.55797936,5547537.7418509
7421716.87358876,5552676.56758104
7423614.57573328,5551864.83985918
7423842.7303688,5548974.05891712
7422431.01424074,5546785.55977456
7425190.53075571,5547069.04527706
7436758.88283465,5547081.10590982
7423860.98947581,5546535.71969682
7424009.50931252,5549939.0556003
7429090.43237338,5550368.05560356
7424784.95949549,5548623.51328169
7424343.95593711,5546654.90809555
7423639.3897692,5548926.41503911
7424280.26429364,5548002.12903986
7423875.01282524,5547960.31076163
7423725.99543971,5548222.06989113
7423705.70095389,5547115.34419324
7423376.41022364,5548088.24504482
7422697.03539337,5547902.18912315
7420984.795892,5544534.76486839
7420205.45014928,5552589.92954861
7424468.30226928,5548348.93534258
7423886.43993698,5547498.32625072
7424991.30605253,5548356.19794982
7423871.51383489,5547517.1948102
7424478.92470596,5548071.92633033
7423874.53005444,5545519.76635335
7426707.36770029,5547348.79513228
7422490.07517208,5546994.53420616
7423049.32198822,5545961.30212201
7424515.57256963,5548520.86680371
7430064.6524703,5551147.90328781
7424647.82041035,5546577.17795699
7423958.44202146,5547426.7913486
7431587.54996908,5548332.64441151
7423949.21022002,5547606.81891242
7424176.75035681,5543731.94100916
7425699.10396082,5548650.97434407
7425824.39387412,5547282.19332603
7423958.44202146,5547426.7913486
7424965.90501399,5545979.35444997
7423723.66883431,5547180.74236187
7424845.35057413,5547404.87991346
7429449.15729477,5549803.4584661
7424261.73964221,5548389.43340684
7425953.94863267,5548245.00386959
7427644.62045394,5548546.7029093
7430121.94964134,5550436.80429871
7425490.40010382,5547282.23640461
7424835.73961918,5548455.90969013
7424064.76340066,5546958.48215755
7430826.70609132,5549303.37037908
7422554.89818676,5548200.49794549
7424651.44415017,5545726.48444771
7432123.19402057,5548535.76452484
7432107.54154167,5550726.36099525
7423817.80972435,5548016.54754812
7424621.79194221,5550920.67898759
7422145.41213582,5544965.39626688
7429095.71171408,5550206.60925222
7423947.55797936,5547537.7418509
7425526.89681124,5546540.68937432
7428075.53340544,5545234.95041501
7424578.40072543,5546486.29026629
7424083.33822059,5547527.58164209
7428990.08107678,5542518.58939064
7424445.21231722,5548442.61018378
7423747.3650854,5547796.45431162
7422200.41985841,5548984.25482102
7430838.25477637,5550122.23094539
7429341.82674325,5550629.96968885
7421935.07367448,5550640.23537268
7426499.49287614,5550227.85486414
7430898.74610046,5548679.91484542
7423639.76419421,5547283.50201992
7422725.52481714,5548535.44478006
7424252.08933309,5542874.87660998
7417428.00461324,5548658.17205107
7423188.31905686,5547979.20969029
7428852.02017756,5549970.36881698
7430242.91685906,5549783.24484147
7431185.47959285,5549170.29946531
7425055.67889114,5550692.02193334
7429067.47615464,5548446.53593374
7422262.06490497,5546963.75403359
7424689.00519531,5550799.64564497
7425793.10694043,5550012.88320517
7424363.16702027,5548427.42964158
7428867.38303026,5549248.87110627
7419480.588818,5546682.59939192
7424145.73381364,5545810.81162985
7423453.98877932,5548585.81960279
7424012.1605684,5547528.34959371
7423925.93548627,5547549.63498691
7424466.74259729,5548588.08479057
7428226.86771415,5542265.33302972
7421710.40073586,5548233.81519775
7424600.18816489,5550063.13332924
7424419.25014298,5545708.37065575
7424454.93341234,5547947.59441085
7426635.84747339,5547463.34966849
7424556.24917525,5546497.48511777
7421619.25470269,5549041.29857782
7424479.3682945,5545753.33313879
7427517.23498432,5546469.23133994
7424260.60744798,5547284.14988163
7424222.0297206,5546677.08026496
7423647.1139754,5547982.86905796
7423100.93107167,5549931.36893371
7431273.83382027,5549401.3560748
7425008.95769853,5539736.45519212
7424214.31985005,5546472.32343337
7430904.90513163,5549559.43986286
7422964.28074502,5546012.83294964
7424299.09855366,5545723.89777308
7423806.1722706,5546912.80043121
7426795.78889136,5549979.09478218
7430823.45001853,5549040.65885456
7424526.29601881,5546942.34707744
7429550.53524032,5551622.27946168
7423925.93548627,5547549.63498691
7424393.39919085,5546245.39992475
7423986.34624271,5545876.72545503
7426450.83063076,5543716.5729094
7423976.34226016,5546629.41860039
7422041.5406156,5549300.30783579
7424123.20950772,5547238.45776313
7423806.1722706,5546912.80043121
7416552.57634939,5547589.37122827
7424154.61440281,5547819.06479659
7424216.5966952,5547774.04942819
7427300.04114228,5548422.30132132
7423639.76419421,5547283.50201992
7427936.47544169,5551087.06979376
7424541.72032981,5546802.44503391
7424438.26326274,5548425.0188565
7427164.51704086,5545824.28545766
7425634.77821636,5539717.96924406
7424945.4137672,5548495.26487442
7424083.33822059,5547527.58164209
7424116.07680303,5549175.34042122
7424515.57256963,5548520.86680371
7424083.33822059,5547527.58164209
7424319.80801883,5548398.47518203
7425150.04760423,5545690.51834461
7424784.95949549,5548623.51328169
7424578.40072543,5546486.29026629
7424514.56903883,5546465.36039279
7431262.77815427,5542463.47293806
7425049.34270641,5547241.64564395
7429878.24758096,5549323.16508265
7421112.19978045,5547688.28600332
7424137.39662703,5545351.9199262
7425785.70092599,5541961.55818701
7424850.31473407,5547915.1831254
7424282.04098163,5548137.81310018
7424123.01056356,5547987.49650542
7423958.44202146,5547426.7913486
7427051.07904307,5551555.52776147
7423470.57008123,5547841.24562404
7422482.72613777,5548922.17711289
7419249.50108451,5548466.55439198
7423838.84827525,5548083.94585785
7424374.19983634,5546788.95026207
7424835.73961918,5548455.90969013
7428155.17312924,5543509.93332067
7423946.27891489,5547128.82461631
7425668.49029971,5546397.54879478
7423871.51383489,5547517.1948102
7424233.80413501,5546812.14305419
7427323.36425103,5551211.28780135
7424875.58030972,5545914.97417219
7423965.03614748,5547795.01585412
7424254.57440839,5548074.76805561
7424784.95949549,5548623.51328169
7424380.05456971,5546520.40550787
7423855.16480892,5547547.73391696
7423236.2536222,5548049.93180343
7424733.24048848,5550787.98517594
7425830.65270896,5549030.74303497
7424529.61205197,5546479.50157857
7424427.2300555,5550670.88595963
7426268.52485697,5548040.20104581
7425552.89070427,5543758.71159244
7424515.57256963,5548520.86680371
7424086.01772475,5547851.66129584
7421935.07367448,5550640.23537268
7424061.8848161,5547465.43334091
7422994.58021739,5549415.0098569
7421464.5272851,5541151.75604472
7424632.2475745,5547827.38974234
7430489.0062974,5548562.28233997
7424432.0233518,5547866.82359964
7423925.93548627,5547549.63498691
7423979.57500536,5548421.59364497
7424056.46466995,5547889.88370661
7424633.4914954,5546040.05501925
7423961.42559428,5547227.38553398
7430310.44134823,5551214.14291757
7424391.42625449,5546479.1871356
7418680.98668718,5543664.72096083
7424201.04738486,5547890.11578571
7423737.29347581,5548125.19476474
7425959.24074109,5545120.63553811
7424302.27276004,5546718.28386336
7429688.68824539,5551797.03009233
7416013.63381967,5545642.82747868
7424337.73639117,5548157.04833366
7426242.29839622,5549058.04324732
7424632.2475745,5547827.38974234
7423958.04971834,5547514.72940587
7419734.78228879,5547943.73839219
7423211.99331411,5547294.27611533
7423991.83642006,5548623.19041122
7425634.77821636,5539717.96924406
7425574.36976163,5546537.49159821
7430146.63660327,5550006.29316403
7423574.0070792,5546179.75392443
7423996.15520341,5547555.80978879
7422519.1980544,5547035.22281557
7425634.77821636,5539717.96924406
7421955.18024104,5548587.5984071
7424083.33822059,5547527.58164209
7424255.43149965,5547578.40448531
7427251.40112231,5549378.05972262
7428543.02795339,5549913.01604197
7424632.2475745,5547827.38974234
7420046.23865315,5550096.80003154
7424191.89860517,5546238.02153758
7424266.09987853,5545453.23861811
7424344.95559452,5546320.15940227
7424084.22081476,5547526.18973376
7422145.41213582,5544965.39626688
7422056.68013057,5543982.33731828
7428146.76422906,5551879.87165016
7423361.18061686,5547095.52756918
7422933.16910012,5545477.86914024
7428870.83486869,5551320.99643694
7423955.6345513,5543316.73280599
7422432.98539135,5550642.36288598
7423855.16480892,5547547.73391696
7425598.81802738,5545593.96922552
7423953.12981161,5547563.15013629
7425662.64978399,5541916.50864668
7430157.04569896,5551209.50907975
7424045.63613984,5546946.23348545
7429172.44808923,5550623.40031182
7422734.27235045,5548077.0200016
7424835.7389033,5548455.90970019
7422367.51510401,5550497.41492686
7427496.20010776,5551212.83564303
7424280.26429364,5548002.12903986
7423744.96629111,5547737.73661288
7427044.9748854,5551556.8792374
7424009.50931252,5549939.0556003
7423955.6345513,5543316.73280599
7420569.1882679,5543405.18270563
7424843.70587017,5543844.70514627
7424321.49468604,5547984.29994398
7425132.32021477,5548003.84759041
7427484.83922953,5551430.88171907
7429681.98506966,5551120.52440081
7424812.91265817,5548492.4092813
7427336.54852091,5543025.33344675
7420569.1882679,5543405.18270563
7424708.17659487,5546852.01185972
7423514.44591923,5547202.58209156
7423182.94343273,5546706.64280738
7431012.02480764,5548912.10594173
7422951.93255676,5548704.0298209
7424514.56903883,5546465.36039279
7423373.37597768,5546068.22015833
7424728.02191901,5545939.52871399
7424514.5653651,5546719.00951352
7416649.13776778,5547751.94626443
7422402.01957951,5542609.26939785
7424056.46466995,5547889.88370661
7423499.66831573,5545770.4733637
7424672.58518764,5547082.46982508
7424433.70718382,5546439.5702135
7431535.02399253,5549336.28403841
7424762.56890633,5548229.33147787
7423188.31905686,5547979.20969029
7423946.96503312,5547630.89218779
7421628.23396398,5543904.6798669
7423709.55995366,5544688.65893102
7431637.29879266,5549614.22376917
7424098.22406432,5550814.16025477
7423373.25981842,5547187.77470587
7423425.78876869,5545804.71277091
7423875.29225485,5547729.98924544
7423929.1129064,5547502.78524867
7423885.67201055,5547557.66078397
7430026.87004063,5542851.505148
7423541.36481593,5547257.56865047
7430319.2359892,5550668.29967132
7430111.05283004,5551282.19515265
7425674.0444029,5547121.68378737
7423925.93548627,5547549.63498691
7424677.5306477,5546517.84022224
7427336.7813854,5542952.76620969
7430266.2146772,5551776.02352866
7423871.51383489,5547517.1948102
7426774.12674709,5548698.21034513
7424210.46603512,5549401.23035334
7421918.50270591,5548963.76469818
7427675.9994143,5551033.26572526
7424084.67022215,5548479.22770256
7424262.89404674,5547547.42066642
7423866.70973547,5548155.92481158
7424433.70718382,5546439.5702135
7423854.07209453,5547912.10777007
7423737.29347581,5548125.19476474
7424152.33422511,5548041.23153994
7426580.01280577,5542057.74541619
7427751.75491568,5551155.55454183
7427675.9994143,5551033.26572526
7424903.18431302,5547932.41711868
7430880.23559765,5550144.96005626
7423239.44877459,5548180.27180493
7423859.68595564,5549292.36194836
7432937.89487588,5551456.52479295
7421652.99482763,5549316.74385754
7423491.39024732,5550393.95654023
7421556.05916141,5541669.02094724
7427233.68927035,5548553.03882265
7423855.16480892,5547547.73391696
7424009.50931252,5549939.0556003
7424733.24048848,5550787.98517594
7423958.44202146,5547426.7913486
7423435.67290842,5548532.67486376
7423972.51027812,5548142.92993582
7423146.1995283,5547204.45689231
7423243.4217743,5546756.0915568
7424282.04098163,5548137.81310018
7422008.90234549,5541232.48999934
7431587.54996908,5548332.64441151
7425755.37976792,5548435.98339893
7423871.51383489,5547517.1948102
7424438.26326274,5548425.0188565
7432914.47111908,5551370.74121937
7422484.16207752,5547126.59557856
7423925.93548627,5547549.63498691
7423788.84026436,5547807.57140609
7422705.11495559,5545990.52198043
7424499.21412597,5546460.49441465
7423665.51285186,5547530.85695678
7419851.64011991,5550038.82390017
7423971.78367954,5548443.89250382
7430794.58101224,5549461.93066502
7425901.49915386,5546412.86585007
7432071.29759117,5549624.25202308
7424838.40508284,5546743.499581
7425797.09000022,5546355.75139938
7422933.16910012,5545477.86914024
7428860.24010546,5542685.81515641
7426567.18230121,5551452.36976259
7424360.84121338,5543652.5027537
7423461.97517019,5549418.95591352
7426544.87881471,5548023.43854888
7420569.1882679,5543405.18270563
7419586.57614839,5549679.86825219
7422929.80661355,5545480.68521884
7423943.1499856,5550151.15625361
7423486.13975537,5546058.77126284
7430715.11626435,5549431.94555674
7424665.0182128,5547104.83220869
7423886.43993698,5547498.32625072
7424633.51084217,5546560.19616998
7424741.60622947,5547608.16381436
7424716.03310084,5546543.73137485
7424435.59382534,5545719.38408967
7422861.35862978,5547267.34895868
7424841.83577921,5547405.75468874
7426566.10601636,5542136.67056077
7429185.70103293,5552181.47973773
7422769.11052786,5546850.74506195
7423942.91187252,5547547.58262463
7423598.1295291,5547144.25321677
7430823.44930275,5549040.65886382
7423758.29386294,5547589.93778342
7422935.91996555,5549400.64492119
7431182.07097714,5548859.3030103
7423808.00381073,5547394.00194786
7424674.80170672,5549546.79507797
7422402.55675401,5548898.03116076
7423987.73642189,5547784.90407456
7430709.47878791,5550058.7587197
7424232.0212319,5546354.36596836
7424766.61565319,5546573.43313957
7422404.20369163,5550194.13913859
7424351.35999817,5548340.11469037
7424463.19695284,5548587.37509183
7423639.76419421,5547283.50201992
7424287.44022577,5548129.72734412
7424064.78505867,5547481.21394299
7422828.17133795,5549821.55240094
7424784.95949549,5548623.51328169
7423457.75205173,5547865.03992722
7423213.93536643,5546421.43561742
7424153.72783463,5548021.74575935
7424626.61006828,5547833.26146082
7427051.07902788,5551555.52664928
7424596.44884358,5547533.15477677
7428650.98229923,5550041.48345848
7423924.58984779,5546888.1444403
7424892.05123114,5547234.72956205
7423929.11360659,5547502.78412631
7423871.51383489,5547517.1948102
7423924.58984779,5546888.1444403
7421662.91378595,5550695.48457195
7424821.98315031,5546140.21132218
7424399.45493747,5547933.69440603
7424261.73964221,5548389.43340684
7425789.75467969,5550599.64478007
7423982.85251643,5547778.85522637
7423805.19596846,5546824.66495673
7423806.1722706,5546912.80043121
7424012.1605684,5547528.34959371
7423277.91240612,5551569.11489952
7424843.70587017,5543844.70514627
7423758.29386294,5547589.93778342
7423630.0951764,5547725.41890418
7429333.66240182,5550583.60987453
7423457.75205173,5547865.03992722
7425902.57461239,5548241.8352463
7425577.77177678,5543207.49134523
7429337.67229357,5552150.82338269
7424468.30153768,5548348.93424051
7424433.70718382,5546439.5702135
7424432.0233518,5547866.82359964
7424384.67074117,5547243.23961132
7424816.90409868,5541247.09966236
7430715.11626435,5549431.94555674
7429376.29380074,5551180.16490952
7422212.16504923,5548650.79771223
7430794.58101224,5549461.93066502
7423601.58146308,5551537.97060643
7423959.70025698,5547309.0718658
7429666.564491,5547761.54466018
7424529.61205197,5546479.50157857
7424598.5299078,5547081.6150891
7430794.58101224,5549461.93066502
7423886.43993698,5547498.32625072
7423639.76419421,5547283.50201992
7425051.96501486,5550451.96525284
7423504.09805281,5547559.96370572
7424012.1605684,5547528.34959371
7423986.07855994,5550252.14227267
7424027.86489056,5547527.03418566
7430448.86888872,5550671.79934731
7429681.98506966,5551120.52440081
7423963.1101853,5547199.1709741
7429095.71171408,5550206.60925222
7432022.34410022,5552607.7879521
7425153.13081473,5542283.36508451
7424438.26326274,5548425.0188565
7422145.41213582,5544965.39626688
7425138.81351631,5546095.56081019
7428017.93961805,5551109.87946934
7430341.21833641,5550760.09506211
7423955.6345513,5543316.73280599
7426869.3541232,5550870.15929664
7423885.67201055,5547557.66078397
7423885.67201055,5547557.66078397
7422145.41213582,5544965.39626688
7424438.26326274,5548425.0188565
7423958.04971834,5547514.72940587
7425946.53632537,5546405.87403871
7423598.1295291,5547144.25321677
7423617.83510225,5547070.05010807
7424028.35091258,5545355.68208826
7424784.95949549,5548623.51328169
7430266.21539262,5551776.02351933
7422300.38215024,5547325.35435897
7423805.19596846,5546824.66495673
7430504.78413882,5548811.31569252
7425574.36976163,5546537.49159821
7424012.1605684,5547528.34959371
7430739.2520433,5550163.49278947
7431884.80948192,5549122.94197998
7426859.50234027,5547691.1814865
7423499.79485779,5547183.80382481
7424226.60499648,5548371.20475989
7432157.08526103,5548629.17411079
7425705.63605128,5547028.29528632
7426530.73371329,5542151.74428473
7423118.81546695,5546723.616888
7425043.99901093,5548806.87176684
7427294.76042403,5548440.83214983
7424638.89345836,5544070.28261997
7423882.57906995,5547481.15442776
7431070.75398058,5548979.16465655
7429626.78577733,5547965.55896876
7423015.60836685,5547088.15825406
7423246.14941999,5548065.22229954
7423860.6550392,5547395.87548725
7425493.38927435,5552262.83178641
7427216.37124987,5548561.8043008
7424097.72517329,5547934.47410869
7423988.98517222,5547787.11114764
7423112.2371922,5546179.4358844
7426697.53314976,5542436.36767113
7423913.66581097,5547251.40165747
7426103.90724346,5550048.62335562
7432510.85908423,5550962.78363804
7424546.15104217,5545813.82935013
7430242.91685906,5549783.24484147
7423592.9922257,5547898.65367885
7429342.43429739,5542772.29264116
7431587.54996908,5548332.64441151
7423685.09527766,5548384.18861095
7422854.89692105,5549006.12126244
7428240.46556527,5550466.32878386
7423057.49461341,5546374.23239635
7424578.40072543,5546486.29026629
7424772.49734451,5548861.96588117
7420046.23865315,5550096.80003154
7422404.20439113,5550194.13801602
7424287.94924177,5548130.276343
7423924.58984779,5546888.1444403
7423855.16480892,5547547.73391696
7423925.93477027,5547549.63499709
7429681.98506966,5551120.52440081
7426604.80329111,5550614.8034223
7441145.06521452,5546556.69420405
7423761.53387447,5548293.6018053
7429268.14369284,5551451.81455421
7424361.53730297,5548033.67064644
7430460.972759,5548609.18421998
7424206.04284838,5547622.12070374
7423861.89276833,5545875.49735547
7430794.58101224,5549461.93066502
7425045.0149763,5537813.9197023
7423924.58984779,5546888.1444403
7424949.65262237,5548746.71453724
7422113.76979628,5550798.4346793
7424342.10288617,5547777.21097477
7424029.47204903,5548252.85756752
7431214.21503392,5549964.09887884
7426679.50083308,5547479.98224569
7428107.85690921,5542547.24755853
7428388.93264751,5545751.5246919
7423526.32965032,5547228.23459003
7424708.17587877,5546852.01186979
7417789.49679004,5548535.34405353
7423987.73642189,5547784.90407456
7425490.40010382,5547282.23640461
7422250.18201287,5549183.28931692
7423925.12060638,5547552.31079074
7426842.57615326,5550838.58767745
7426566.10601636,5542136.67056077
7424208.03210848,5547664.97579795
7426869.3541232,5550870.15929664
7423625.53673804,5547193.20172733
7423653.45484973,5547331.39386064
7423987.73642189,5547784.90407456
7428677.47056103,5548714.14109245
7424110.88109575,5547840.1711045
7431722.4660723,5548918.57922279
7423153.09372681,5548073.26283253
7421930.00174337,5543217.39297087
7422719.64500462,5548510.2801227
7424797.47299127,5542649.01464537
7427294.23944175,5542912.48549324
7421823.97159213,5550641.08943875
7424438.26326274,5548425.0188565
7424891.65683156,5548420.55730732
7423269.94724132,5546088.01650052
7422474.26889668,5548956.78243362
7430111.05283004,5551282.19515265
7424664.95451466,5546666.43953343
7424072.4232582,5547956.65638861
7429112.38336513,5541992.90324337
7424793.18990333,5546789.78335311
7424358.4522113,5548315.194361
7423269.94724132,5546088.01650052
7424684.67528686,5547801.47321354
7431557.08095391,5549145.42519448
7423925.93548627,5547549.63498691
7423946.27891489,5547128.82461631
7431070.75398058,5548979.16465655
7441200.5747727,5546590.51396431
7418810.25055643,5548121.39066788
7425634.77821636,5539717.96924406
7421652.56999239,5548407.70456551
7422318.77497367,5548767.0032044
7423350.03393871,5547239.34386859
7424391.42625449,5546479.1871356
7424380.05456971,5546520.40550787
7430288.69620698,5551060.13446374
7423953.42325311,5547918.55589915
7424391.42625449,5546479.1871356
7424563.35957368,5546383.69288446
7423855.16480892,5547547.73391696
7430898.74610046,5548679.91484542
7425097.34104171,5548451.71916305
7428422.5304934,5551320.39499688
7420346.09520974,5542619.26680666
7423639.76419421,5547283.50201992
7425598.36526071,5545845.91548148
7423269.55680642,5550927.99940607
7424717.87158008,5546542.03691017
7428543.02795339,5549913.01604197
7424232.0212319,5546354.36596836
7430052.06802577,5550080.21724927
7423982.85251643,5547778.85522637
7424432.64336124,5546939.50061357
7422920.18507365,5549279.65952116
7424515.57256963,5548520.86680371
7424556.24917525,5546497.48511777
7424282.04098163,5548137.81310018
7423746.47541943,5548858.42937282
7423856.70097526,5547717.00281008
7423419.06714687,5548532.17952518
7423512.28333967,5547694.03893337
7427266.43116619,5548508.67172456
7427778.7567172,5545330.62710509
7424229.73452559,5548316.69805283
7425247.25932961,5543719.47900151
7429007.44278738,5547515.06227007
7423739.93408868,5547579.33010631
7425355.08498276,5546147.34160004
7424113.27382501,5547969.51683833
7424178.57020023,5548500.52991495
7421621.4691303,5548414.27965014
7421193.65141762,5550455.39525106
7423925.93477027,5547549.63499709
7423885.67201055,5547557.66078397
7424261.73964221,5548389.43340684
7425956.27742664,5546402.89375695
7430794.58101224,5549461.93066502
7423946.27891489,5547128.82461631
7424215.74509549,5545196.20086421
7423885.67201055,5547557.66078397
7425174.00087131,5546279.94843543
7423337.32203638,5544140.85376009
7421103.04143834,5543301.34593085
7423741.96124389,5548126.12938729
7420387.62039705,5549620.93578405
7432313.90313571,5551594.40590151
7424862.53708282,5547583.26488347
7420777.09298396,5549927.54267024
7423101.95564849,5545726.90203458
7423925.12060638,5547552.31079074
7426749.46251574,5547350.0897119
7423737.29347581,5548125.19476474
7423332.04224489,5546049.02340785
7418291.9033723,5548231.78998435
7424622.85068772,5546600.17810359
7430252.35582356,5550016.65955995
7423958.44202146,5547426.7913486
7424651.44415017,5545726.48444771
7423188.31905686,5547979.20969029
7424000.24523359,5547293.64962083
7429527.65212554,5549261.37388461
7424083.33822059,5547527.58164209
7424843.70587017,5543844.70514627
7427114.20646107,5544783.55017467
7429463.50247008,5550214.5748555
7423158.76680475,5547966.50430623
7425089.48675295,5540548.99549772
7423487.84867139,5548528.00139649
7423838.84827525,5548083.94585785
7424032.18348197,5546991.34897815
7432147.02412467,5549159.58918253
7423490.33227157,5547129.44329871
7425864.41406749,5542479.25799943
7424362.99931176,5546806.33858956
7430794.58101224,5549461.93066502
7424835.73961918,5548455.90969013
7423891.53515403,5548633.48270738
7423885.67201055,5547557.66078397
7423849.15598433,5547745.28194947
7424578.40072543,5546486.29026629
7423987.73642189,5547784.90407456
7424515.57185375,5548520.86681381
7424344.95559452,5546320.15940227
7423932.62081855,5545716.965307
7425138.81423251,5546095.56080017
7430157.04569896,5551209.50907975
7422959.32525799,5547031.62013433
7423269.55680642,5550927.99940607
7424261.73964221,5548389.43340684
7423483.65239563,5550850.89302118
7428866.39510734,5551628.40916358
7422145.41213582,5544965.39626688
7424416.08976822,5546946.37990722
7421043.74863174,5549028.58538722
7427423.5701436,5548289.43150558
7430414.21471333,5549637.11497114
7425749.4933653,5550897.91455214
7424849.45419687,5548525.0075684
7427403.46881347,5549118.67062835
7428966.92495316,5542145.16084148
7422186.02891834,5548038.96415712
7424261.73964221,5548389.43340684
7424515.57256963,5548520.86680371
7420618.77678983,5541834.52519347
7431472.89190933,5550005.14502194
7423989.05322894,5547434.52923144
7422325.10715867,5546812.1897939
7424257.53580784,5547698.61024979
7423952.30069183,5545867.88929258
7424977.00426424,5547351.61589272
7424657.01380268,5545754.36069222
7423639.76419421,5547283.50201992
7423942.18772313,5545736.34428614
7424170.55233623,5547679.59108572
7414345.03006279,5543124.35844912
7429681.98506966,5551120.52440081
7423021.26513621,5545877.82429413
7430709.47878791,5550058.7587197
7423925.12060638,5547552.31079074
7424514.56903883,5546465.36039279
7422562.51839048,5549322.66949466
7424469.28152031,5548142.17410648
7426277.11078176,5547814.71442137
7423685.95442751,5547261.9186147
7427675.9994143,5551033.26572526
7424282.04098163,5548137.81310018
7423441.45304727,5548179.6739272
7425704.52316795,5545607.44400825
7420165.44880876,5550376.49598223
7422191.2234081,5547051.8412958
7423880.62646887,5547947.39256926
7431926.01357759,5549175.24386348
7424606.39434171,5547032.04013626
7431997.80482471,5549163.46920052
7423639.76419421,5547283.50201992
7422697.03539337,5547902.18912315
7423573.99623952,5548225.13498111
7426693.2668621,5550000.53949709
7419524.25251377,5542117.29521786
7423885.67201055,5547557.66078397
7424442.67898853,5546360.94458748
7424176.149969,5548119.16068162
7423757.15445388,5547698.02565745
7424026.9129198,5547747.90064544
7429542.73432224,5550873.66994965
7429976.11181672,5550551.8834613
7424259.12036813,5545435.15180084
7420163.40146642,5549882.70470725
7422929.80661355,5545480.68521884
7424981.73421665,5547123.56610639
7423174.41869373,5546695.68001246
7427266.43116619,5548508.67172456
7427577.57941911,5551246.73925738
7424342.42896925,5546570.04991174
7424981.73421665,5547123.56610639
7431327.92512176,5550772.27439583
7425507.64277398,5548980.90531548
7423412.21590883,5547926.37924174
7420546.22938877,5549130.58407243
7423243.42107414,5546756.09267925
7423912.88522544,5547813.88958254
7425004.87535957,5543148.65976497
7424208.21664213,5547688.11124296
7423930.70119524,5547928.90398203
7424437.31630341,5545761.8835698
7425534.43984528,5543636.00525277
7424067.86865349,5546906.77573128
7421491.52162093,5548006.72870431
7423996.15520341,5547555.80978879
7423741.96124389,5548126.12938729
7433060.6460717,5551428.78704354
7424514.56903883,5546465.36039279
7424020.85790647,5548231.17671113
7424215.97831959,5548190.47559018
7425901.49915386,5546412.86585007
7424438.26326274,5548425.0188565
7423625.53673804,5547193.20172733
7421964.7138242,5548948.29832172
7425789.75467969,5550599.64478007
7424306.1903369,5546256.02456215
7423871.51383489,5547517.1948102
7424371.10643974,5546555.15106868
7424321.49468604,5547984.29994398
7423924.58984779,5546888.1444403
7423526.32965032,5547228.23459003
7424784.95949549,5548623.51328169
7423531.02978542,5550800.71243577
7422057.28483671,5539559.11943034
7424976.89377414,5548459.31415573
7424134.81311217,5547521.4006881
7426891.30284693,5542994.06769512
7424261.73964221,5548389.43340684
7424600.66704287,5545848.66805886
7423871.51383489,5547517.1948102
7425954.81001671,5545244.28596261
7424959.62829713,5548490.79156565
7424277.66158293,5548122.79307694
7424318.28103198,5547984.96724434
7424633.4914954,5546040.05501925
7424784.95949549,5548623.51328169
7427396.08372694,5543102.9126329
7427233.68927035,5548553.03882265
7431088.33726847,5549383.54390086
7423925.12060638,5547552.31079074
7420183.1659812,5550169.49925775
7423806.76104082,5547837.59591037
7425335.26542395,5548339.67964978
7427051.07902788,5551555.52664928
7423229.16496816,5548273.68851324
7441203.83078643,5549565.12006903
7418048.31026823,5550285.1355815
7423871.51383489,5547517.1948102
7427779.91901272,5545390.23526939
7422991.01094935,5547568.44463859
7424812.22985955,5547418.24690333
7430818.22234343,5542932.91031106
7423886.43993698,5547498.32625072
7426499.49287614,5550227.85486414
7424829.91518378,5548746.6686047
7424214.42248183,5548166.58087045
7422573.04011723,5538962.12335333
7423486.13975537,5546058.77126284
7424684.67528686,5547801.47321354
7423425.78950083,5545804.71387285
7425730.30690339,5542472.58072744
7423977.3707865,5547936.99075023
7424072.4232582,5547956.65638861
7424380.05456971,5546520.40550787
7427323.36425103,5551211.28780135
7428546.1632821,5545091.39432683
7422705.11495559,5545990.52198043
7424282.04098163,5548137.81310018
7424009.08510861,5547533.41913184
7420659.40780649,5542785.55133312
7432521.65012036,5549594.29394062
7424282.04098163,5548137.81310018
7423747.36580136,5547796.45430141
7424870.98222996,5548249.107976
7423944.7703178,5548513.73985256
7424214.32056618,5546472.32342323
7424010.35013242,5548786.96880541
7423705.85210991,5548154.89950069
7424412.12494937,5547324.30532787
7423847.2933348,5546923.02767939
7430045.63412518,5551205.21867177
7426429.7079371,5549836.77839121
7423886.43993698,5547498.32625072
7421882.49210117,5549055.14535702
7423847.2933348,5546923.02767939
7432650.53420177,5545149.88873665
7423806.1722706,5546912.80043121
7423920.46133168,5548724.92284177
7422233.11284858,5546984.21821036
7423989.05322894,5547434.52923144
7424936.90892234,5549945.94811952
7426001.44542233,5545988.21555417
7424574.73809675,5546194.86907686
7429624.43258164,5542082.27842067
7425099.87942396,5546010.48076778
7427295.61034606,5543410.50989969
7424812.91337404,5548492.40927124
7424880.14491562,5547174.80361021
7420803.17605772,5549902.8440966
7425203.53049159,5546104.2694234
7422610.20103655,5548832.90045281
7423861.79485254,5548826.31628574
7422864.60203685,5542997.70787967
7441284.99268955,5550597.50091965
7429062.16769922,5550707.47437411
7423422.33677256,5548898.78276261
7419601.06786465,5548743.86040555
7432296.1603574,5542939.18708285
7424344.95559452,5546320.15940227
7424665.08255542,5550855.43421311
7427927.36514053,5546466.28997747
7425275.1068731,5547133.49847665
7424812.22985955,5547418.24690333
7423925.12060638,5547552.31079074
7424849.45419687,5548525.0075684
7422657.85177363,5548943.50840529
7426582.50356279,5542036.78733548
7429927.0076788,5548955.45876071
7431176.75305796,5548723.45028173
7424358.39518277,5548122.2403995
7426068.50016679,5548504.94985662
7424812.22985955,5547418.24690333
7424813.2397001,5547217.75543586
7429319.7776761,5551329.56058142
7424281.78006311,5548258.08470549
7423806.1722706,5546912.80043121
7427051.07904307,5551555.52776147
7429867.23927995,5541959.07202943
7427051.07904307,5551555.52776147
7421115.43006068,5550500.50998274
7424261.73964221,5548389.43340684
7423885.67201055,5547557.66078397
7424166.34636357,5547891.75670218
7423962.69634321,5547892.38482979
7424509.84039046,5546798.32935338
7424616.35767704,5539814.50006549
7423659.45495028,5548558.62456107
7423471.26244666,5543654.78129807
7430642.29721541,5549876.50213498
7418810.25055643,5548121.39066788
7425586.3481775,5552258.18885362
7429201.01882095,5552266.05423717
7423885.67201055,5547557.66078397
7424529.61205197,5546479.50157857
7423628.84651177,5547871.51059981
7424723.72110261,5551836.85220304
7424291.99790019,5548016.64228541
7423475.49275901,5547864.8851261
7424262.52443475,5545282.98819819
7427023.64666286,5547452.96248204
7421193.99938037,5548134.33545419
7424779.65243731,5548531.25826479
7422703.00301342,5549827.51329373
7423966.20894081,5547718.16293657
7431211.4701,5549025.77444293
7424282.04098163,5548137.81310018
7427502.41578138,5551244.82950663
7424784.95949549,5548623.51328169
7422964.28074502,5546012.83294964
7424261.73964221,5548389.43340684
7422235.87733594,5546852.06981922
7421804.74125014,5547293.79717822
7425445.97519549,5543384.12627713
7423420.92076626,5548892.99513168
7424134.81311217,5547521.4006881
7424541.72032981,5546802.44503391
7441749.90236134,5553320.95848908
7430334.36138008,5550651.70820404
7421697.66629486,5550283.83879868
7426535.481094,5545922.10962519
7428543.02793853,5549913.01492976
7422351.63056523,5547721.18772488
7423408.37029584,5550802.50330718
7422775.92671963,5547090.33713271
7424371.10643974,5546555.15106868
7420953.26008067,5540728.08067374
7424321.4939701,5547984.29995411
7423818.98483185,5547881.43539798
7427310.564805,5548366.90907672
7425174.00087131,5546279.94843543
7424634.46190746,5546038.97011304
7423408.17509874,5546414.75449893
7424515.57256963,5548520.86680371
7426697.53314976,5542436.36767113
7424973.50635732,5548313.93929822
7425584.27977227,5552187.93016189
7423947.72515268,5547477.05541002
7421715.96998471,5549572.37840301
7425857.01384631,5546018.54800277
7426655.33176257,5542110.81496776
7426158.88135078,5548564.11009867
7420871.13590145,5549831.43000991
7424014.61596372,5548450.32315607
7424618.28979677,5547793.68141394
7424216.12526821,5549147.00127095
7424045.63612406,5546946.23237327
7425634.77821636,5539717.96924406
7423946.27891489,5547128.82461631
7423490.33227157,5547129.44329871
7426763.27765316,5549088.32612569
7422734.27235045,5548077.0200016
7423925.12060638,5547552.31079074
7424626.61006828,5547833.26146082
7427175.04122198,5551405.0022739
7423967.95088212,5545534.45961007
7423947.55797936,5547537.7418509
7428393.66687908,5545813.47003958
7423138.90868179,5548860.05421674
7426264.27470077,5548092.3865657
7423929.1129064,5547502.78524867
7423685.09527766,5548384.18861095
7422145.41213582,5544965.39626688
7429449.15729477,5549803.4584661
7424229.73491918,5546418.07569232
7423958.44202146,5547426.7913486
7423230.17130201,5545364.40472279
7424417.94113741,5551047.28934769
7422052.39946104,5548964.92947889
7425241.69506078,5547368.87975884
7424010.47646259,5547822.95909096
7424619.13526433,5547887.62989692
7423702.66078391,5547157.09172721
7422250.64258346,5548291.76706645
7423703.75780178,5548053.19836592
7430715.11626435,5549431.94555674
7422852.46734589,5543878.4497295
7423758.29386294,5547589.93778342
7424253.54446807,5546275.7970204
7424110.93587866,5546789.07185887
7430847.46434375,5549486.14035555
7423582.14373794,5544652.13667506
7424784.95949549,5548623.51328169
7423735.70958346,5544308.20938202
7426774.12676231,5548698.21145732
7425296.70828729,5548126.47658834
7429343.21802459,5541863.02138195
7424634.46190746,5546038.97011304
7424149.96399594,5547519.18353858
7424647.82041035,5546577.17795699
7422662.02779619,5548783.87629437
7424634.46190746,5546038.97011304
7429138.19972299,5552018.13430132
7423861.8187151,5547803.26956458
7424056.4653859,5547889.88369644
7430262.56832806,5542595.13031804
7422294.92976994,5548773.91065536
7423167.45819402,5546742.78483258
7424708.17659487,5546852.01185972
7424849.45419687,5548525.0075684
7423885.67201055,5547557.66078397
7424217.85654669,5548206.80137171
7431518.00267848,5549666.0253785
7431287.25375665,5549146.40947853
7424261.73964221,5548389.43340684
7428802.72000817,5551042.02602884
7422972.12006961,5546009.51528037
7423986.07855994,5550252.14227267
7421959.04822876,5549129.66105082
7424766.61565319,5546573.43313957
7424113.67002519,5548525.37491991
7423982.85251643,5547778.85522637
7422212.16504923,5548650.79771223
7426693.2668621,5550000.53949709
7423404.676317,5550967.58546089
7429637.05007593,5550815.47098743
7424123.62811696,5548560.43692449
7427947.81686293,5545522.82629602
7424551.34424622,5545810.13417258
7429155.67888871,5549856.64812222
7420021.14703633,5550123.26969993
7425207.16067313,5545932.82029623
7426028.04502446,5545011.25401611
7420983.57868627,5543283.36341951
7426802.13333181,5547161.02624633
7427340.28537724,5544973.60023646
7423806.1722706,5546912.80043121
7431825.58812631,5549152.7307235
7423105.10372826,5542355.39770517
7431721.66802936,5549743.20228309
7425527.22896685,5545856.88844082
7424061.8848161,5547465.43334091
7421550.23052106,5541644.78008359
7428427.9953149,5549991.67574391
7424079.36991625,5546886.98970359
7423822.19888631,5548092.19450707
7424733.24048848,5550787.98517594
7428592.80154686,5549678.01506742
7422099.01639333,5546837.81579085
7430137.70508818,5549162.13109162
7422214.20194559,5548922.37069521
7423885.67201055,5547557.66078397
7424921.15591991,5548422.93083259
7422200.41985841,5548984.25482102
7424541.72032981,5546802.44503391
7424850.31473407,5547915.1831254
7424871.05845255,5548310.05109776
7423912.26798925,5547939.56047939
7423644.35969427,5548093.72333534
7424394.57904542,5546799.18564697
7423847.2933348,5546923.02767939
7425912.02491117,5547290.75940281
7431173.53026687,5549086.67242114
7423861.8187151,5547803.26956458
7424280.29154427,5548314.84745539
7425690.61749703,5545635.07536268
7427009.01534807,5550925.62537542
7429698.68475814,5551665.22968324
7425574.36976163,5546537.49159821
7423526.32965032,5547228.23459003
7423457.75205173,5547865.03992722
7422474.26889668,5548956.78243362
7423845.0886203,5546510.7922024
7424367.90456468,5547388.32064016
7423871.51383489,5547517.1948102
7425028.65484781,5548214.58036458
7420203.12136097,5550364.17505455
7421805.24915857,5547320.7102762
7430484.4695079,5550441.48585201
7423304.51204,5548635.30530413
7427516.33847437,5548291.37169735
7421562.19512512,5549859.60061902
7428695.34642919,5551357.07406602
7424521.44430092,5546956.10586308
7422145.41213582,5544965.39626688
7429981.19389865,5550139.8244204
7421882.49210117,5549055.14535702
7427319.91295628,5543843.84089133
7426655.33176257,5542110.81496776
7423946.02005782,5547644.46587398
7422024.75278047,5548946.68391401
7425375.2733078,5547119.35469973
7424208.03210848,5547664.97579795
7426580.01280577,5542057.74541619
7424812.91265817,5548492.4092813
7424733.24048848,5550787.98517594
7428297.9252671,5550311.96531138
7425385.74051031,5542442.7296746
7425846.35069426,5546020.48110863
7423719.60913711,5543445.46479112
7424380.05456971,5546520.40550787
7423715.12932558,5548190.03837356
7427534.14899614,5548523.485653
7424504.15253784,5546786.99521914
7426301.7659678,5550463.84109498
7423497.25168112,5548035.98973745
7420893.83013042,5549243.54027787
7423639.76419421,5547283.50201992
7424515.57256963,5548520.86680371
7424472.04081479,5545759.91069632
7424066.41994092,5546997.79444435
7423971.78367954,5548443.89250382
7423612.83017248,5549074.15446201
7424321.49468604,5547984.29994398
7423921.42558941,5547241.2718655
7423373.37597768,5546068.22015833
7431535.02399253,5549336.28403841
7431587.54996908,5548332.64441151
7426317.84082257,5542334.15502317
7425603.15496733,5545879.37431812
7429025.13373661,5542874.33957633
7424384.55891524,5548419.27135455
7424321.49468604,5547984.29994398
7424311.24539873,5546329.52411738
7423974.28167921,5547896.33608122
7424835.73961918,5548455.90969013
7424553.62468699,5546791.14647926
7423685.09527766,5548384.18861095
7423847.2933348,5546923.02767939
7423806.1722706,5546912.80043121
7424552.83037135,5548714.66297618
7425055.67887554,5550692.02082115
7423490.33227157,5547129.44329871
7423466.41378998,5546493.59872877
7424475.01503912,5548436.65838464
7423876.47368078,5547423.65971931
7426458.77709696,5550092.80438397
7423855.16480892,5547547.73391696
7424391.42625449,5546479.1871356
7423912.88522544,5547813.88958254
7423806.76032485,5547837.59592057
7424214.91390155,5546467.48496113
7424023.93357514,5550264.34011236
7424484.585085,5546686.00920334
7423806.1722706,5546912.80043121
7424083.33822059,5547527.58164209
7430687.46496422,5550331.05444413
7424338.87380566,5547823.88537615
7424064.78505867,5547481.21394299
7425634.77821636,5539717.96924406
7424214.32056618,5546472.32342323
7423885.67201055,5547557.66078397
7423806.1722706,5546912.80043121
7423947.72515268,5547477.05541002
7424063.2389648,5544499.65508981
7428620.50847894,5551341.53529013
7429766.35316734,5549123.9097386
7424237.05205417,5547761.73347151
7423579.81467689,5547632.86467657
7423958.44202146,5547426.7913486
7420962.51408686,5550091.29518032
7430064.65175479,5551147.90329717
7423940.54580727,5548723.93857502
7425055.67887554,5550692.02082115
7424499.12364957,5546941.10628105
7426997.38595514,5547507.40415587
7421491.52162093,5548006.72870431
7423946.27891489,5547128.82461631
7424156.82824903,5548166.37487221
7427675.99869876,5551033.26573495
7423996.15520341,5547555.80978879
7424061.8848161,5547465.43334091
7424784.95949549,5548623.51328169
7432893.89337487,5551426.90410544
7429492.70091835,5552250.20939653
7423681.93597526,5548144.69057188
7420842.00833372,5550578.54987039
7426790.27304005,5550823.13737142
7423924.58984779,5546888.1444403
7423925.12060638,5547552.31079074
7423855.16480892,5547547.73391696
7423541.36481593,5547257.56865047
7423477.81997875,5550584.68642067
7423951.34488094,5547537.13181746
7423622.68468047,5546858.34964691
7430092.16811968,5550156.53165921
7424261.73964221,5548389.43340684
7423252.17974569,5547224.37521005
7430783.98768872,5550047.44835067
7423912.88522544,5547813.88958254
7425574.36976163,5546537.49159821
7422647.59980332,5547026.20231271
7424253.54602231,5546676.18134292
7424014.41578913,5546326.28467317
7424509.72077086,5546739.63395462
7423112.2371922,5546179.4358844
7424186.26378447,5547934.09182865
7430794.58101224,5549461.93066502
7423885.67201055,5547557.66078397
7427128.60241635,5551472.02112889
7424318.28103198,5547984.96724434
7425946.53632537,5546405.87403871
7427266.23062505,5548527.20024899
7428762.95185263,5549689.27412203
7430939.92276062,5548825.59819693
7424869.47688259,5545794.82050334
7423519.95519424,5547940.18465641
7430794.58101224,5549461.93066502
7431229.37010529,5549509.20535589
7424261.73964221,5548389.43340684
7423373.37597768,5546068.22015833
7427675.9994143,5551033.26572526
7424278.67973513,5546494.30128935
7423757.15445388,5547698.02565745
7429552.49829876,5547952.36391378
7424911.82587193,5546740.21182832
7423754.44003412,5548379.19831521
7424057.52980156,5546925.09026248
7422439.92514747,5548218.25824573
7423808.41105343,5547986.92890836
7424586.93976054,5547099.46452943
7428543.02793853,5549913.01492976
7425433.9801981,5547159.11327801
7428801.67422528,5548333.30825336
7424773.10925582,5547314.3009725
7430580.91841092,5550434.53920622
7424076.05491337,5548941.35022773
7424137.03634629,5548013.28675795
7423457.75205173,5547865.03992722
7430794.58101224,5549461.93066502
7423965.03614748,5547795.01585412
7423951.37984673,5546425.8370004
7422779.78480211,5547090.67413621
7423855.16480892,5547547.73391696
7426572.16029001,5550172.98490286
7427675.99869876,5551033.26573495
7431995.83714352,5543266.51749375
7421628.23396398,5543904.6798669
7420789.68987319,5551308.08121573
7423723.51494342,5543636.26504307
7424921.1559043,5548422.92972042
7424391.42625449,5546479.1871356
7424276.64860293,5545508.25343995
7424367.51917603,5546425.48547264
7425737.76025806,5546483.53325254
7426028.04502446,5545011.25401611
7435811.78098239,5545813.96730179
7422409.39943355,5548036.0977697
7423687.24696136,5547618.64970738
7424438.26326274,5548425.0188565
7429387.01382189,5549813.38043114
7423843.63296485,5547124.29201145
7423349.40395554,5547280.85691997
7425698.57103148,5549612.50751016
7428400.40080278,5548007.79627303
7424541.72032981,5546802.44503391
7423958.05043433,5547514.7293957
7423685.10924153,5548121.378128
7424856.66460768,5545637.12631368
7420498.28792343,5542506.53925152
7423243.4217743,5546756.0915568
7424216.12526821,5549147.00127095
7424821.32557918,5546746.56832782
7424031.34370743,5548016.53319111
7423630.0951764,5547725.41890418
7423927.4208553,5547655.70866392
7419710.71726548,5549695.60126988
7425990.51491977,5545135.35840374
7424055.99714491,5547523.13959908
7432484.05460886,5551330.90414439
7423084.50500449,5551644.57093391
7424221.57286637,5541254.3517257
7424422.13592775,5547211.41388692
7424237.42684241,5547696.06502436
7424077.49629918,5548326.92954521
7423566.27632384,5547989.39086153
7432157.08526103,5548629.17411079
7430064.65175479,5551147.90329717
7424115.2156519,5546732.46425937
7424208.03210848,5547664.97579795
7423994.48739723,5547523.09977835
7423332.04226082,5546049.02452003
7427216.37124987,5548561.8043008
7422779.78481816,5547090.67524839
7427150.74186916,5548656.25794356
7424429.22536211,5546390.16046998
7422641.08491036,5544371.88577427
7423269.55753794,5550928.00050798
7424850.77116995,5548446.49443264
7423402.49066518,5549150.28436256
7423929.1129064,5547502.78524867
7424144.62383333,5544818.31047351
7423961.38043019,5550187.82900025
7431523.30895922,5549033.8036311
7423373.37597768,5546068.22015833
7424361.40046931,5548436.9401203
7428592.80154686,5549678.01506742
7430256.61972088,5547641.32047496
7424773.10925582,5547314.3009725
7423868.14381055,5547934.42820602
7423867.14175642,5546468.15694594
7422958.2391078,5545981.38419336
7423028.61001043,5550761.63681935
7425939.12355274,5548648.1202305
7423556.63293043,5548076.94299613
7424219.32620296,5546402.47697749
7424083.33822059,5547527.58164209
7425427.30992602,5545342.85481793
7423491.39024732,5550393.95654023
7422875.71916529,5549419.16585065
7424775.32871329,5543858.21949799
7424470.74108889,5548433.15903501
7424321.49468604,5547984.29994398
7424226.85586727,5548326.491311
7423153.01929964,5546678.14864781
7427216.37124987,5548561.8043008
7422819.54062701,5543078.89494553
7429613.35335863,5548004.04610422
7424845.34985811,5547404.87992351
7424020.85790647,5548231.17671113
7423578.0699121,5546162.18106373
7424784.95949549,5548623.51328169
7424829.91518378,5548746.6686047
7424541.72032981,5546802.44503391
7423979.57500536,5548421.59364497
7424184.43973864,5548105.45957194
7424079.36991625,5546886.98970359
7419278.20135605,5548457.80461309
7427914.3332828,5544667.59900411
7420796.13495992,5549589.95459361
7423806.1722706,5546912.80043121
7424835.73961918,5548455.90969013
7428546.40891168,5551258.21407458
7424214.91390155,5546467.48496113
7424240.35430474,5548043.44714861
7424550.25886961,5546477.26042524
7420569.1882679,5543405.18270563
7429311.0979635,5551503.3048244
7429089.63995768,5550171.37927177
7430064.65175479,5551147.90329717
7422832.37904198,5545606.18130204
7425346.7321814,5547131.05480477
7424938.3044929,5548418.32729508
7432956.14055563,5551337.42885152
7419851.64011991,5550038.82390017
7430965.29072569,5549079.54776014
7424014.41578913,5546326.28467317
7421330.36659952,5551825.17366516
7423501.20633487,5545741.9448485
7430244.345143,5551276.10188084
7427329.202808,5542647.42539699
7423910.5441089,5546732.66283144
7422402.55675401,5548898.03116076
7431587.54996908,5548332.64441151
7418810.24984049,5548121.39067875
7423702.69993381,5548388.12123396
7425247.25932961,5543719.47900151
7419464.61767531,5548322.54935753
7420803.17605772,5549902.8440966
7421045.45551069,5549149.32953321
7424463.19695284,5548587.37509183
7427914.3332828,5544667.59900411
7423505.86615027,5544655.81984355
7424131.2151313,5546716.33557505
7431171.29523495,5549579.24037103
7425138.81423251,5546095.56080017
7421966.37551608,5548324.75944758
7424557.10523424,5546430.51975218
7420942.87106505,5547640.74095616
7423341.52442708,5547510.68258161
7422903.23351008,5543024.92860568
7425550.1075439,5546181.92965328
7423953.12981161,5547563.15013629
7422788.80431137,5544725.90489196
7424556.24917525,5546497.48511777
7430988.96726682,5549642.25639418
7423938.66971239,5547567.09672073
7426624.2044413,5550478.0566888
7424083.33822059,5547527.58164209
7424167.70483896,5546064.53887607
7424835.73961918,5548455.90969013
7423756.47662998,5548020.67405746
7438523.59973566,5551143.08131004
7424987.8121225,5548209.42631735
7430783.98768872,5550047.44835067
7424577.93914295,5546331.39248833
7424509.84039046,5546798.32935338
7424261.49900851,5545005.51739598
7430266.2146772,5551776.02352866
7424784.95949549,5548623.51328169
7426600.20187016,5545699.34636725
7423420.73803966,5550259.13233717
7430536.23398168,5550194.38152746
7424551.34352998,5545810.13418267
7430065.4435568,5550287.23027554
7424055.99714491,5547523.13959908
7423839.21507302,5546522.87086218
7430759.55503806,5549603.9443366
7424321.4939701,5547984.29995411
7427051.07902788,5551555.52664928
7431583.86363866,5548328.97846178
7424539.84824654,5547010.64887709
7426464.3309562,5551249.6328007
7423674.60876013,5549170.05662989
7429698.68475814,5551665.22968324
7423901.23683901,5547553.69500534
7424537.72024428,5546678.61863822
7423526.32965032,5547228.23459003
7424596.59772084,5546509.35871623
7424651.44415017,5545726.48444771
7425138.81423251,5546095.56080017
7424821.3263109,5546746.56942995
7425892.46942667,5546424.43742935
7430064.6524703,5551147.90328781
7420586.11663886,5549995.09726777
7424419.25012728,5545708.36954357
7425954.81001671,5545244.28596261
7421266.84778972,5549057.95570283
7422929.80661355,5545480.68521884
7424149.96399594,5547519.18353858
7424229.73490344,5546418.07458013
7424849.45419687,5548525.0075684
7423073.7483202,5548924.28750252
7425316.58651541,5547132.46439756
7430709.47878791,5550058.7587197
7424634.46190746,5546038.97011304
7423541.36481593,5547257.56865047
7423333.01891985,5547266.048546
7424189.51992028,5548153.23333488
7425138.81351631,5546095.56081019
7425963.90155933,5546055.0523615
7425278.04810322,5551842.74465177
7424616.7598865,5547904.13920041
7424273.67007413,5545408.24387623
7425490.40010382,5547282.23640461
7423600.79447403,5547015.73419006
7427268.57507779,5548630.25830874
7422402.55675401,5548898.03116076
7425241.69506078,5547368.87975884
7425493.22024744,5541710.17025699
7425166.34417272,5546065.5248409
7425419.50032756,5550480.1398891
7426787.83488743,5548687.64958191
7424580.34996098,5548009.82476232
7423102.95452892,5549755.87175218
7423490.33227157,5547129.44329871
7423702.69993381,5548388.12123396
7424014.81173287,5547825.67853194
7422145.41213582,5544965.39626688
7423837.51516677,5547885.4454218
7424891.57119521,5547369.91435525
7423885.67201055,5547557.66078397
7423454.79691031,5545386.42342636
7427051.07904307,5551555.52776147
7422818.95634735,5547668.99989388
7423886.33509511,5546872.9345151
7423269.55752197,5550927.99939579
7424057.52980156,5546925.09026248
7430242.91685906,5549783.24484147
7422140.61454633,5552036.09460118
7424633.51084217,5546560.19616998
7423875.08310014,5546450.87288294
7423806.1722706,5546912.80043121
7423875.29225485,5547729.98924544
7424326.54093889,5545735.08098805
7421515.05010247,5541781.64090449
7424486.76676278,5546156.34775468
7422145.41213582,5544965.39626688
7427334.22019766,5551140.16586064
7430064.65175479,5551147.90329717
7422237.93679608,5549028.26153009
7423912.26798925,5547939.56047939
7424515.57256963,5548520.86680371
7426340.45117066,5550497.24053587
7430823.44930275,5549040.65886382
7423886.43993698,5547498.32625072
7422278.96389457,5547057.01818759
7424432.0233518,5547866.82359964
7424180.65623771,5548129.62240859
7423806.1722706,5546912.80043121
7422896.49053934,5547321.22621228
7423886.43993698,5547498.32625072
7424260.27769096,5540994.69689795
7423646.97713678,5547983.31597513
7425574.36976163,5546537.49159821
7425619.57322568,5546208.05963736
7420766.92615537,5549960.59897144
7423455.44120367,5549129.83866087
7430898.74610046,5548679.91484542
7423763.42609722,5548325.83472725
7423960.15462499,5547706.50863205
7423886.43993698,5547498.32625072
7423925.93477027,5547549.63499709
7424570.42957521,5546225.27612675
7424083.33822059,5547527.58164209
7424515.57256963,5548520.86680371
7426675.73723203,5550613.10455428
7424321.49468604,5547984.29994398
7424432.0233518,5547866.82359964
7424812.91337404,5548492.40927124
7424077.17002404,5547896.50008488
7425490.40010382,5547282.23640461
7421780.33520671,5549051.84521956
7422262.06490497,5546963.75403359
7423174.57791476,5547973.22089069
7428742.78672501,5551057.62852145
7423417.93459905,5548036.46946509
7423098.39525476,5543498.14948789
7423806.1722706,5546912.80043121
7429569.00494909,5549690.93792073
7424634.46190746,5546038.97011304
7423199.18276153,5548346.46803228
7420021.14703633,5550123.26969993
7420893.83013042,5549243.54027787
7423332.04226082,5546049.02452003
7424438.26326274,5548425.0188565
7423118.32590801,5545548.06527106
7423812.77279387,5545339.78456389
7429007.44280214,5547515.06338226
7423470.23515117,5547091.35257411
7424832.03764748,5546828.29842695
7424092.192388,5547530.7932333
7429077.16437977,5549051.09666141
7428715.08237331,5549847.68557412
7424857.61014997,5545897.44802035
7422952.24757897,5551208.90388595
7430739.2520433,5550163.49278947
7424384.67074117,5547243.23961132
7423958.44202146,5547426.7913486
7429230.1200693,5550266.36983418
7424514.56903883,5546465.36039279
7423045.70273086,5548980.4229868
7428477.83562066,5542467.9498287
7423958.44202146,5547426.7913486
7427644.62045394,5548546.7029093
7425737.76025806,5546483.53325254
7423854.7990114,5547796.65163934
7421554.07149783,5546910.07759129
7423843.05975123,5547858.8232973
7423902.33804752,5547709.95711283
7426105.12798553,5548648.22680818
7424012.1605684,5547528.34959371
7424849.45419687,5548525.0075684
7432510.85908423,5550962.78363804
7424097.34111502,5547752.66099338
7430204.85135606,5542223.69216907
7428866.35471665,5543057.29521989
7424624.45748893,5546136.33489787
7424010.62516622,5546178.45980378
7429874.43434465,5550892.27920858
7424835.73961918,5548455.90969013
7427818.12743639,5543377.49888506
7424753.33284974,5547510.65241524
7423948.17294675,5547722.05910022
7428828.94202864,5549439.60863722
7424261.73964221,5548389.43340684
7424067.63999822,5547878.37406144
7421411.53983116,5547975.46381101
7424733.24048848,5550787.98517594
7425932.7930053,5547234.82641436
7424546.31411357,5546638.70346516
7421685.97682514,5548207.86732411
7431745.27378534,5548168.63688338
7423961.58143024,5547375.57598881
7426262.6183341,5550523.86222986
7423806.1722706,5546912.80043121
7421823.97087654,5550641.08944921
7422145.41213582,5544965.39626688
7431143.05124066,5549426.33073296
7424650.76831724,5549326.00932137
7421191.6640867,5550452.40987406
7423545.84377711,5548138.11292192
7424012.1605684,5547528.34959371
7423958.44202146,5547426.7913486
7422351.63056523,5547721.18772488
7423875.08310014,5546450.87288294
7425055.67887554,5550692.02082115
7423939.57878107,5547924.43379543
7421474.75931821,5550411.12740672
7424077.49629918,5548326.92954521
7424812.91265817,5548492.4092813
7423460.98524745,5547683.14456618
7424699.77968317,5546543.34487719
7425597.72532272,5546369.52964429
7423855.16480892,5547547.73391696
7423929.1129064,5547502.78524867
7423947.72515268,5547477.05541002
7425247.25932961,5543719.47900151
7422964.28074502,5546012.83294964
7426591.86399976,5549046.04264005
7424103.59382682,5547710.83587335
7423925.93477027,5547549.63499709
7424847.92623148,5548442.65878693
7424897.2503165,5548869.34419998
7426693.2668621,5550000.53949709
7424336.60053815,5548086.87152749
7421267.20874398,5548880.90032238
7423639.76419421,5547283.50201992
7424859.83323517,5546057.03737169
7430064.65175479,5551147.90329717
7424081.7659595,5546632.84888203
7423639.76419421,5547283.50201992
7423456.12250197,5546773.41432401
7424829.91518378,5548746.6686047
7423576.08967427,5548448.72416582
7424261.73964221,5548389.43340684
7428592.80154686,5549678.01506742
7429679.2682301,5551716.08992604
7424321.49468604,5547984.29994398
7423820.45986393,5551387.3793491
7425824.90518903,5545195.56025849
7420492.98183594,5551403.44669923
7423250.43013709,5546742.19493328
7420871.13590145,5549831.43000991
7424282.04098163,5548137.81310018
7423598.12882893,5547144.25433917
7432496.75421022,5551335.03190436
7429152.0290911,5542579.12471361
7427577.57941911,5551246.73925738
7423233.00935539,5547903.69616467
7423794.71023603,5547897.20469111
7424521.44430092,5546956.10586308
7423625.53602199,5547193.20173755
7424139.50464662,5547816.90071122
7423806.1722706,5546912.80043121
7424515.57256963,5548520.86680371
7424477.8709677,5546597.44539137
7431879.11119845,5545036.7260068
7423962.69634321,5547892.38482979
7431070.75398058,5548979.16465655
7423393.89420677,5547935.8045136
7433007.17912768,5551361.42443902
7423871.51383489,5547517.1948102
7423979.38391157,5547847.2063712
7426655.33176257,5542110.81496776
7424419.25014298,5545708.37065575
7429795.08847591,5550215.74830577
7430266.2146772,5551776.02352866
7424216.12526821,5549147.00127095
7424118.20992929,5548006.27529897
7423886.43993698,5547498.32625072
7423806.1722706,5546912.80043121
7430807.83790175,5542882.08911344
7425619.57322568,5546208.05963736
7421773.32231123,5548424.09629923
7423871.51383489,5547517.1948102
7424123.0112795,5547987.49649526
7429497.05260008,5550073.38432347
7420626.45049224,5542943.26946835
7424226.85586727,5548326.491311
7423155.0038337,5546758.68980137
7429550.53524032,5551622.27946168
7424261.73964221,5548389.43340684
7424784.95949549,5548623.51328169
7431143.47716332,5550106.77874618
7424216.12526821,5549147.00127095
7424438.26326274,5548425.0188565
7423495.27152916,5547690.56895422
7423754.44075001,5548379.19830501
7424939.10228943,5548234.7015432
7429187.60965331,5551014.47532929
7423757.15445388,5547698.02565745
7431401.1056399,5544940.8246664
7423812.77279387,5545339.78456389
7425634.77821636,5539717.96924406
7420612.50860431,5543319.56524481
7424229.73382545,5548316.69917515
7424318.28103198,5547984.96724434
7423476.80076971,5546194.70859573
7423441.34673506,5548037.25898927
7424167.75991425,5547428.05878377
7424138.86185658,5547817.02106702
7430794.58101224,5549461.93066502
7429722.16481933,5549957.45420287
7424223.84288929,5547879.80119967
7424318.28103198,5547984.96724434
7423952.30142385,5545867.89039458
7425190.80958858,5546647.86880756
7425190.53075571,5547069.04527706
7424550.25886961,5546477.26042524
7430064.65175479,5551147.90329717
7427323.36425103,5551211.28780135
7423243.20906896,5548292.86296491
7424279.37529904,5548433.52539439
7422964.28074502,5546012.83294964
7426244.68160931,5544608.12942217
7424380.05456971,5546520.40550787
7424775.32871329,5543858.21949799
7429909.42991422,5550074.66926925
7423946.88782682,5547540.97735968
7422972.12006961,5546009.51528037
7424445.21231722,5548442.61018378
7424190.68536975,5548117.99576777
7427357.29166971,5551190.47629364
7423826.68503004,5547625.18473547
7425247.25932961,5543719.47900151
7424342.42895353,5546570.04879955
7425548.13952028,5541673.09986722
7424633.4907792,5546040.05502933
7423979.57500536,5548421.59364497
7427917.50469317,5544843.0459172
7423163.60466327,5545585.48961183
7428682.8498618,5549762.83527483
7424154.15636339,5548309.82328112
7423982.85251643,5547778.85522637
7422408.15507283,5550591.28938995
7423460.32540393,5541901.86493128
7423806.1722706,5546912.80043121
7424626.61006828,5547833.26146082
7431583.86363866,5548328.97846178
7422819.54062701,5543078.89494553
7421735.41735237,5548936.03077074
7425433.92058562,5545815.2343958
7424083.33822059,5547527.58164209
7421051.67103351,5549066.47999201
7431587.54996908,5548332.64441151
7420871.13590145,5549831.43000991
7428025.22201598,5544692.24843414
7424391.42625449,5546479.1871356
7424829.91518378,5548746.6686047
7423028.61001043,5550761.63681935
7423737.53964535,5547916.5844062
7424229.73452559,5548316.69805283
7425851.02019451,5550854.85657464
7424471.2490076,5546961.55851471
7428715.08165761,5549847.68558366
7424973.9710998,5546654.68871284
7424004.61591589,5548212.09157994
7424208.21664213,5547688.11124296
7424277.66229885,5548122.79306681
7423263.60700713,5550933.0184028
7425039.04645505,5548637.21496071
7423885.67201055,5547557.66078397
7423856.19512431,5547577.10462962
7423929.1129064,5547502.78524867
7424849.45419687,5548525.0075684
7423457.75205173,5547865.03992722
7423875.31375483,5547563.35128745
7424055.99714491,5547523.13959908
7428917.6437844,5549810.21970589
7426768.89297108,5549201.3199062
7425851.02019451,5550854.85657464
7427373.74820923,5545105.07417993
7427367.63706311,5543010.39197558
7432123.19331883,5548535.76564612
7424835.73961918,5548455.90969013
7424775.32871329,5543858.21949799
7425912.02491117,5547290.75940281
7424812.16433448,5546141.93774846
7431165.44212713,5549687.2941655
7424299.74449053,5546752.16564707
7423871.51383489,5547517.1948102
7422854.51503236,5548492.42110395
7423704.25349998,5548148.24784146
7424753.33284974,5547510.65241524
7427110.79539438,5543049.60528169
7423942.38919581,5548236.96401073
7422779.44039883,5548794.80559812
7424835.73961918,5548455.90969013
7427266.23062505,5548527.20024899
7424277.75820199,5546694.89307726
7423453.98877932,5548585.81960279
7424733.24048848,5550787.98517594
7424196.11991459,5540047.5059155
7426842.57615326,5550838.58767745
7424974.59268198,5548401.59485409
7423715.1300415,5548190.03836335
7424607.73961033,5546256.44168058
7424454.98576533,5545587.29634143
7424450.05502413,5551088.10461854
7423353.45744283,5548518.35652263
7424743.39402978,5546076.01553556
7421043.74863174,5549028.58538722
7423376.41022364,5548088.24504482
7423946.27891489,5547128.82461631
7423958.44202146,5547426.7913486
7430242.91685906,5549783.24484147
7425490.45041985,5547246.76350519
7430794.58101224,5549461.93066502
7431637.29879266,5549614.22376917
7424479.59419485,5546138.37685797
7420536.30771596,5542687.48495431
7424556.24917525,5546497.48511777
7424512.92442279,5548377.5216458
7424103.59311084,5547710.83588351
7423958.04971834,5547514.72940587
7423885.67201055,5547557.66078397
7423928.30143984,5548046.17263049
7421026.63128588,5548954.05980747
7423756.00087476,5548010.40551118
7424133.79356182,5547292.92683338
7428427.9953149,5549991.67574391
7423399.04071292,5546205.68572319
7423756.47662998,5548020.67405746
7424124.49093714,5546534.6149495
7424363.16702027,5548427.42964158
7429745.27275044,5551990.34510698
7424623.20509238,5547858.27291529
7431926.01357759,5549175.24386348
7424343.77903194,5547973.95749758
7424952.63728163,5544310.97950101
7424843.70587017,5543844.70514627
7424074.50444521,5546894.40283852
7424265.85533141,5548098.68526916
7423938.73494903,5548529.74537203
7426784.38043737,5543102.00640565
7424048.64572241,5547773.98393026
7424123.62811696,5548560.43692449
7421666.72191854,5547433.24760843
7424563.91891863,5546365.39154025
7427560.88966319,5551467.62275624
7423220.31007538,5548006.7765425
7424540.63776436,5545760.05681417
7427265.36167405,5548623.35622429
7422214.20194559,5548922.37069521
7424592.90475554,5542786.55505852
7424530.96489887,5548088.04482197
7424541.72032981,5546802.44503391
7429990.20030717,5549437.01540409
7422396.353787,5539577.38545669
7423946.27891489,5547128.82461631
7423925.93548627,5547549.63498691
7433106.94610009,5551404.64831069
7420325.54980802,5542478.20959848
7424623.1249406,5544222.86080252
7420463.77983004,5542418.23154559
7423028.29087741,5547312.38708017
7429025.13446795,5542874.34067902
7423961.42559428,5547227.38553398
7422875.290632,5545975.03432958
7424123.0112795,5547987.49649526
7428534.9501129,5550749.46034362
7430052.06802577,5550080.21724927
7423978.05846673,5547033.16545624
7424215.97831959,5548190.47559018
7423178.52123516,5548247.19376828
7424083.33822059,5547527.58164209
7432510.8583687,5550962.78364707
7426572.16029001,5550172.98490286
7423806.1722706,5546912.80043121
7424575.32433168,5544204.6418916
7423497.25239705,5548035.98972721
7423932.62081855,5545716.965307
7425574.36976163,5546537.49159821
7424216.12526821,5549147.00127095
7424102.10530574,5545270.02330981
7424284.19366558,5549465.61997504
7424394.57904542,5546799.18564697
7423630.38477929,5546865.91536761
7422734.27235045,5548077.0200016
7424784.95949549,5548623.51328169
7431172.37365848,5550342.55336476
7423436.06830672,5547169.0258834
7424231.77988852,5548380.91841578
7428207.140281,5551603.74568865
7429621.8438683,5551557.94031165
7423806.1722706,5546912.80043121
7425514.43740643,5549529.35331432
7423737.29347581,5548125.19476474
7423665.51285186,5547530.85695678
7423708.85620216,5547300.97128364
7424933.21957268,5547243.92428836
7422952.79438495,5549435.61416395
7422267.04168639,5538768.38090669
7423780.2244573,5548005.7252484
7433819.30823255,5551939.97338474
7414784.01528529,5542894.12667522
7425778.13666598,5545175.18858039
7423441.03362662,5547824.19115451
7431587.54996908,5548332.64441151
7424240.80273988,5548151.45554574
7422854.89692105,5549006.12126244
7419610.05355862,5549704.86756687
7424077.17002404,5547896.50008488
7422929.80661355,5545480.68521884
7424284.19366558,5549465.61997504
7423118.32590801,5545548.06527106
7426580.01280577,5542057.74541619
7422972.82997427,5542750.42521083
7422110.67909673,5548517.02016859
7427087.44324523,5549825.94219348
7421169.94346584,5550066.97390792
7424056.46466995,5547889.88370661
7423953.12981161,5547563.15013629
7424541.72032981,5546802.44503391
7423453.19559979,5550852.69408714
7424288.19315664,5546703.23308444
7426464.26351094,5542157.96199871
7423997.61417674,5548160.77775729
7423793.35687991,5547674.70880392
7432546.17657619,5551512.72137002
7423868.14452649,5547934.42819583
7427675.9994143,5551033.26572526
7423607.10801924,5547160.47075888
7423806.1722706,5546912.80043121
7425479.20741425,5546522.11538896
7427423.5701436,5548289.43150558
7428674.57395235,5551360.95544137
7423483.65239563,5550850.89302118
7422145.41213582,5544965.39626688
7426665.30203125,5547347.53941756
7424705.4750671,5546733.15516486
7424056.46466995,5547889.88370661
